timestamp,value,prediction_training,prediction,label,warp_distance,threshold_training,distance_threshold,positive_detection
"Mar 19, 2020",5818.0,1.0,0.0,0.0,0.0,0.0,-1.0,0.0
"Mar 18, 2020",5996.0,1.0,0.0,0.0,0.0,0.0,-1.0,0.0
"Mar 17, 2020",6504.0,1.0,0.0,0.0,0.0,0.0,-1.0,0.0
"Mar 16, 2020",6250.0,1.0,0.0,0.0,0.0,0.0,-1.0,0.0
"Mar 13, 2020",6582.0,1.0,0.0,0.0,0.0,0.0,-1.0,0.0
"Mar 12, 2020",6706.0,1.0,0.0,0.0,0.0,0.0,-1.0,0.0
"Mar 11, 2020",7320.0,1.0,0.0,0.0,0.0,0.0,-1.0,0.0
"Mar 10, 2020",7332.0,1.0,0.0,0.0,0.0,0.0,-1.0,0.0
"Mar 09, 2020",7402.0,1.0,0.0,0.0,0.0,0.0,-1.0,0.0
"Mar 06, 2020",7884.0,1.0,0.0,0.0,0.0,0.0,-1.0,0.0
"Mar 05, 2020",8094.0,1.0,0.0,0.0,0.0,0.0,-1.0,0.0
"Mar 04, 2020",7910.0,1.0,0.0,0.0,0.0,0.0,-1.0,0.0
"Mar 03, 2020",7910.0,1.0,0.0,0.0,0.0,0.0,-1.0,0.0
"Mar 02, 2020",7824.0,1.0,0.0,0.0,0.0,0.0,-1.0,0.0
"Feb 28, 2020",7730.0,1.0,0.0,0.0,0.0,0.0,-1.0,0.0
"Feb 27, 2020",7966.0,1.0,0.0,0.0,0.0,0.0,-1.0,0.0
"Feb 26, 2020",7908.0,1.0,0.0,0.0,0.0,0.0,-1.0,0.0
"Feb 25, 2020",8344.0,1.0,0.0,0.0,0.0,0.0,-1.0,0.0
"Feb 24, 2020",8380.0,1.0,0.0,0.0,0.0,0.0,-1.0,0.0
"Feb 21, 2020",8416.0,1.0,0.0,0.0,0.0,0.0,-1.0,0.0
"Feb 20, 2020",8582.0,1.0,0.0,0.0,0.0,0.0,-1.0,0.0
"Feb 19, 2020",8390.0,1.0,0.0,0.0,0.0,0.0,-1.0,0.0
"Feb 18, 2020",8234.0,1.0,0.0,0.0,0.0,0.0,-1.0,0.0
"Feb 17, 2020",8272.0,1.0,0.0,0.0,0.0,0.0,-1.0,0.0
"Feb 14, 2020",8190.0,1.0,0.0,0.0,0.0,0.0,-1.0,0.0
"Feb 13, 2020",8280.0,1.0,0.0,0.0,0.0,0.0,-1.0,0.0
"Feb 12, 2020",8242.0,1.0,0.0,0.0,0.0,0.0,-1.0,0.0
"Feb 11, 2020",8218.0,1.0,0.0,0.0,0.0,0.0,-1.0,0.0
"Feb 10, 2020",8248.0,1.0,0.0,0.0,0.0,0.0,-1.0,0.0
"Feb 07, 2020",8198.0,1.0,0.0,0.0,0.0,0.0,-1.0,0.0
"Feb 06, 2020",8162.0,1.0,0.0,0.0,0.0,0.0,-1.0,0.0
"Feb 05, 2020",7974.0,1.0,0.0,0.0,0.0,0.0,-1.0,0.0
"Feb 04, 2020",7980.0,1.0,0.0,0.0,0.0,0.0,-1.0,0.0
"Feb 03, 2020",7842.0,1.0,0.0,0.0,0.0,0.0,-1.0,0.0
"Jan 31, 2020",7850.0,1.0,0.0,0.0,0.0,0.0,-1.0,0.0
"Jan 30, 2020",7736.0,1.0,0.0,0.0,0.0,0.0,-1.0,0.0
"Jan 29, 2020",7780.0,1.0,0.0,0.0,0.0,0.0,-1.0,0.0
"Jan 28, 2020",7802.0,1.0,0.0,0.0,0.0,0.0,-1.0,0.0
"Jan 27, 2020",7900.0,1.0,0.0,0.0,0.0,0.0,-1.0,0.0
"Jan 24, 2020",7998.0,1.0,0.0,0.0,0.0,0.0,-1.0,0.0
"Jan 23, 2020",7990.0,1.0,0.0,0.0,0.0,0.0,-1.0,0.0
"Jan 22, 2020",7716.0,1.0,0.0,0.0,0.0,0.0,-1.0,0.0
"Jan 21, 2020",7600.0,1.0,0.0,0.0,0.0,0.0,-1.0,0.0
"Jan 20, 2020",7628.0,1.0,0.0,0.0,0.0,0.0,-1.0,0.0
"Jan 17, 2020",7694.0,1.0,0.0,0.0,0.0,0.0,-1.0,0.0
"Jan 16, 2020",7716.0,1.0,0.0,0.0,0.0,0.0,-1.0,0.0
"Jan 15, 2020",7560.0,1.0,0.0,0.0,0.0,0.0,-1.0,0.0
"Jan 14, 2020",7564.0,1.0,0.0,0.0,0.0,0.0,-1.0,0.0
"Jan 13, 2020",7700.0,1.0,0.0,0.0,0.0,0.0,-1.0,0.0
"Jan 10, 2020",7780.0,1.0,0.0,0.0,0.0,0.0,-1.0,0.0
"Jan 09, 2020",7590.0,1.0,0.0,0.0,0.0,0.0,-1.0,0.0
"Jan 08, 2020",7410.0,1.0,0.0,0.0,0.0,0.0,-1.0,0.0
"Jan 07, 2020",7550.0,1.0,0.0,0.0,0.0,0.0,-1.0,0.0
"Jan 06, 2020",7576.0,1.0,0.0,0.0,0.0,0.0,-1.0,0.0
"Jan 03, 2020",7656.0,1.0,0.0,0.0,0.0,0.0,-1.0,0.0
"Jan 02, 2020",7746.0,1.0,0.0,0.0,0.0,0.0,-1.0,0.0
"Dec 31, 2019",7752.0,1.0,0.0,0.0,0.0,0.0,-1.0,0.0
"Dec 30, 2019",7770.0,1.0,0.0,0.0,0.0,0.0,-1.0,0.0
"Dec 27, 2019",7708.0,1.0,0.0,0.0,0.0,0.0,-1.0,0.0
"Dec 24, 2019",7750.0,1.0,0.0,0.0,0.0,0.0,-1.0,0.0
"Dec 23, 2019",7640.0,1.0,0.0,0.0,0.0,0.0,-1.0,0.0
"Dec 20, 2019",7498.0,1.0,0.0,0.0,0.0,0.0,-1.0,0.0
"Dec 19, 2019",7388.0,1.0,0.0,0.0,0.0,0.0,-1.0,0.0
"Dec 18, 2019",7410.0,0.0,7621.1025390625,0.0,0.0,1.0,-1.0,0.0
"Dec 17, 2019",7338.0,0.0,7554.76904296875,0.0,0.0,1.0,-1.0,0.0
"Dec 16, 2019",7222.0,0.0,7553.48046875,0.0,0.0,1.0,-1.0,0.0
"Dec 13, 2019",7000.0,0.0,7478.52490234375,0.0,0.0,1.0,-1.0,0.0
"Dec 12, 2019",6912.0,0.0,7559.81787109375,0.0,0.0,1.0,-1.0,0.0
"Dec 11, 2019",6800.0,0.0,7459.587890625,0.0,188.569482421875,1.0,-1.0,0.0
"Dec 10, 2019",6812.0,0.0,7536.396484375,0.0,233.418017578125,1.0,-1.0,0.0
"Dec 09, 2019",6796.0,0.0,7520.31298828125,0.0,284.18076171875,1.0,-1.0,0.0
"Dec 06, 2019",6750.0,0.0,7348.9814453125,0.0,323.464013671875,1.0,-1.0,0.0
"Dec 05, 2019",6800.0,0.0,7224.15283203125,0.0,335.50966796875,1.0,-1.0,0.0
"Dec 04, 2019",6670.0,0.0,7345.7265625,0.0,313.1431640625,1.0,-1.0,0.0
"Dec 03, 2019",6758.0,0.0,7323.224609375,0.0,314.75703125,1.0,-1.0,0.0
"Dec 02, 2019",6872.0,0.0,7074.06298828125,0.0,298.83984375,1.0,-1.0,0.0
"Nov 29, 2019",6850.0,0.0,7067.18505859375,0.0,246.61484375,1.0,-1.0,0.0
"Nov 28, 2019",7018.0,0.0,7351.5888671875,0.0,208.435205078125,1.0,-1.0,0.0
"Nov 27, 2019",7050.0,0.0,7155.6201171875,0.0,199.37880859375,1.0,-1.0,0.0
"Nov 26, 2019",6962.0,0.0,7154.7060546875,0.0,142.3681640625,1.0,-1.0,0.0
"Nov 25, 2019",6864.0,0.0,7132.7265625,0.0,105.11630859375,1.0,-1.0,0.0
"Nov 22, 2019",6814.0,0.0,7122.3603515625,0.0,111.782666015625,1.0,-1.0,0.0
"Nov 21, 2019",6848.0,0.0,7109.73291015625,0.0,120.9001953125,1.0,-1.0,0.0
"Nov 20, 2019",6906.0,0.0,7086.1640625,0.0,113.714599609375,1.0,-1.0,0.0
"Nov 19, 2019",6878.0,0.0,7083.2744140625,0.0,121.168994140625,0.0,671.0193359375,0.0
"Nov 18, 2019",6868.0,0.0,7110.94384765625,0.0,122.425830078125,0.0,671.0193359375,0.0
"Nov 15, 2019",6946.0,0.0,6870.7646484375,0.0,119.84755859375,0.0,671.0193359375,0.0
"Nov 14, 2019",6974.0,0.0,6868.8251953125,0.0,90.93505859375,0.0,671.0193359375,0.0
"Nov 13, 2019",6952.0,0.0,6910.90673828125,0.0,75.279248046875,0.0,671.0193359375,0.0
"Nov 12, 2019",6940.0,0.0,6916.18359375,0.0,58.1087890625,0.0,671.0193359375,0.0
"Nov 11, 2019",6892.0,0.0,6902.31494140625,0.0,39.9076171875,0.0,671.0193359375,0.0
"Nov 08, 2019",6730.0,0.0,6892.29052734375,0.0,25.5634765625,0.0,671.0193359375,0.0
"Nov 07, 2019",7000.0,0.0,6859.681640625,0.0,34.268994140625,0.0,671.0193359375,0.0
"Nov 06, 2019",7000.0,0.0,6748.7158203125,0.0,34.551513671875,0.0,671.0193359375,0.0
"Nov 05, 2019",7068.0,0.0,6806.03369140625,0.0,55.57060546875,0.0,671.0193359375,0.0
"Nov 04, 2019",7050.0,0.0,6741.40625,0.0,71.153857421875,0.0,671.0193359375,0.0
"Nov 01, 2019",7024.0,0.0,6854.76416015625,0.0,112.4453125,0.0,671.0193359375,0.0
"Oct 31, 2019",7130.0,0.0,6772.2509765625,0.0,113.13984375,0.0,671.0193359375,0.0
"Oct 30, 2019",7042.0,0.0,6631.21435546875,0.0,134.88291015625,0.0,671.0193359375,0.0
"Oct 29, 2019",7040.0,0.0,6885.44580078125,0.0,150.833056640625,0.0,671.0193359375,0.0
"Oct 28, 2019",6838.0,0.0,6934.203125,0.0,140.091845703125,0.0,671.0193359375,0.0
"Oct 25, 2019",6956.0,0.0,6822.01025390625,0.0,118.852783203125,0.0,671.0193359375,0.0
"Oct 24, 2019",6994.0,0.0,6914.2080078125,0.0,112.63212890625,0.0,671.0193359375,0.0
"Oct 23, 2019",7098.0,0.0,6749.365234375,0.0,79.911669921875,0.0,671.0193359375,0.0
"Oct 22, 2019",7054.0,0.0,6716.09375,0.0,73.69658203125,0.0,671.0193359375,0.0
"Oct 21, 2019",7142.0,0.0,6810.466796875,0.0,92.031787109375,0.0,671.0193359375,0.0
"Oct 18, 2019",7100.0,0.0,6740.6455078125,0.0,123.185595703125,0.0,671.0193359375,0.0
"Oct 17, 2019",7064.0,0.0,6905.0361328125,0.0,145.7220703125,0.0,671.0193359375,0.0
"Oct 16, 2019",7210.0,0.0,6907.63427734375,0.0,153.6392578125,0.0,671.0193359375,0.0
"Oct 15, 2019",7300.0,0.0,6772.13623046875,0.0,149.012353515625,0.0,671.0193359375,0.0
"Oct 14, 2019",7304.0,0.0,6865.201171875,0.0,168.00810546875,0.0,671.0193359375,0.0
"Oct 11, 2019",7270.0,0.0,7024.1611328125,0.0,178.73466796875,0.0,671.0193359375,0.0
"Oct 10, 2019",7226.0,0.0,6826.20068359375,0.0,167.38310546875,0.0,671.0193359375,0.0
"Oct 09, 2019",7052.0,0.0,6842.8818359375,0.0,191.466650390625,0.0,671.0193359375,0.0
"Oct 08, 2019",7024.0,0.0,6990.154296875,0.0,182.14189453125,0.0,671.0193359375,0.0
"Oct 07, 2019",7400.0,0.0,6927.4970703125,0.0,132.707861328125,0.0,671.0193359375,0.0
"Oct 04, 2019",7310.0,0.0,6835.49462890625,0.0,136.078271484375,0.0,671.0193359375,0.0
"Oct 03, 2019",7008.0,0.0,7136.2392578125,0.0,158.9771484375,0.0,671.0193359375,0.0
"Oct 02, 2019",7220.0,0.0,7029.12744140625,0.0,109.373291015625,0.0,671.0193359375,0.0
"Oct 01, 2019",7378.0,0.0,6888.6181640625,0.0,96.837548828125,0.0,671.0193359375,0.0
"Sep 30, 2019",7324.0,0.0,6806.07666015625,0.0,175.5501953125,0.0,671.0193359375,0.0
"Sep 27, 2019",7406.0,0.0,6997.26513671875,0.0,180.092236328125,0.0,671.0193359375,0.0
"Sep 26, 2019",7268.0,0.0,6953.1923828125,0.0,173.515185546875,0.0,671.0193359375,0.0
"Sep 25, 2019",7296.0,0.0,7172.38525390625,0.0,192.172021484375,0.0,671.0193359375,0.0
"Sep 24, 2019",7320.0,0.0,7009.30810546875,0.0,185.446240234375,0.0,671.0193359375,0.0
"Sep 23, 2019",7258.0,0.0,6953.27001953125,0.0,167.57724609375,0.0,671.0193359375,0.0
"Sep 20, 2019",7200.0,0.0,7017.52099609375,0.0,146.25791015625,0.0,671.0193359375,0.0
"Sep 19, 2019",7230.0,0.0,7127.408203125,0.0,123.63232421875,0.0,671.0193359375,0.0
"Sep 18, 2019",7340.0,0.0,7140.36279296875,0.0,102.4107421875,0.0,671.0193359375,0.0
"Sep 17, 2019",7376.0,0.0,7118.2890625,0.0,110.01298828125,0.0,671.0193359375,0.0
"Sep 16, 2019",7434.0,0.0,6995.8291015625,0.0,104.714892578125,0.0,671.0193359375,0.0
"Sep 13, 2019",7260.0,0.0,6989.25537109375,0.0,118.058984375,0.0,671.0193359375,0.0
"Sep 12, 2019",7250.0,0.0,7036.98388671875,0.0,126.885546875,0.0,671.0193359375,0.0
"Sep 11, 2019",6818.0,0.0,7278.787109375,0.0,137.927978515625,0.0,671.0193359375,0.0
"Sep 10, 2019",7070.0,0.0,7343.31494140625,0.0,164.04296875,0.0,671.0193359375,0.0
"Sep 09, 2019",7392.0,0.0,6887.80126953125,0.0,162.3017578125,0.0,671.0193359375,0.0
"Sep 06, 2019",7228.0,0.0,7064.3916015625,0.0,136.20615234375,0.0,671.0193359375,0.0
"Sep 05, 2019",7216.0,0.0,7393.05517578125,0.0,90.174462890625,0.0,671.0193359375,0.0
"Sep 04, 2019",7100.0,0.0,6866.37890625,0.0,126.507470703125,0.0,671.0193359375,0.0
"Sep 03, 2019",7020.0,0.0,6913.8037109375,0.0,103.790869140625,0.0,671.0193359375,0.0
"Sep 02, 2019",6936.0,0.0,7422.70751953125,0.0,118.46796875,0.0,671.0193359375,0.0
"Aug 30, 2019",6936.0,0.0,7030.23681640625,0.0,116.71884765625,0.0,671.0193359375,0.0
"Aug 29, 2019",6894.0,0.0,7099.419921875,0.0,109.781689453125,0.0,671.0193359375,0.0
"Aug 28, 2019",6852.0,0.0,7293.7236328125,0.0,112.6181640625,0.0,671.0193359375,0.0
"Aug 27, 2019",6900.0,0.0,7132.94482421875,0.0,133.42841796875,0.0,671.0193359375,0.0
"Aug 23, 2019",6868.0,0.0,7059.775390625,0.0,146.103271484375,0.0,671.0193359375,0.0
"Aug 22, 2019",6860.0,0.0,6923.9892578125,0.0,116.61005859375,0.0,671.0193359375,0.0
"Aug 21, 2019",6960.0,0.0,6835.10302734375,0.0,113.585302734375,0.0,671.0193359375,0.0
"Aug 20, 2019",6958.0,0.0,7096.96044921875,0.0,104.022705078125,0.0,671.0193359375,0.0
"Aug 19, 2019",6894.0,0.0,7118.09326171875,0.0,73.74638671875,0.0,671.0193359375,0.0
"Aug 16, 2019",6730.0,0.0,7091.9970703125,0.0,74.371533203125,0.0,671.0193359375,0.0
"Aug 15, 2019",6726.0,0.0,6944.248046875,0.0,91.393701171875,0.0,671.0193359375,0.0
"Aug 14, 2019",6804.0,0.0,6960.66552734375,0.0,103.669189453125,0.0,671.0193359375,0.0
"Aug 13, 2019",6730.0,0.0,7057.0390625,0.0,107.246044921875,0.0,671.0193359375,0.0
"Aug 12, 2019",6976.0,0.0,7026.0263671875,0.0,128.804296875,0.0,671.0193359375,0.0
"Aug 09, 2019",6804.0,0.0,6714.9189453125,0.0,108.114111328125,0.0,671.0193359375,0.0
"Aug 08, 2019",6800.0,0.0,7061.37353515625,0.0,80.822509765625,0.0,671.0193359375,0.0
"Aug 07, 2019",6626.0,0.0,6909.09521484375,0.0,86.885107421875,0.0,671.0193359375,0.0
"Aug 06, 2019",6560.0,0.0,6599.03173828125,0.0,101.0615234375,0.0,671.0193359375,0.0
"Aug 05, 2019",6788.0,0.0,7032.21435546875,0.0,57.1576171875,0.0,671.0193359375,0.0
"Aug 02, 2019",7120.0,0.0,7016.19677734375,0.0,76.576416015625,0.0,671.0193359375,0.0
"Aug 01, 2019",6722.0,0.0,6713.12548828125,0.0,78.4486328125,0.0,671.0193359375,0.0
"Jul 31, 2019",6500.0,0.0,7019.6337890625,0.0,67.901904296875,0.0,671.0193359375,0.0
"Jul 30, 2019",6506.0,0.0,6651.6416015625,0.0,91.55576171875,0.0,671.0193359375,0.0
"Jul 29, 2019",6100.0,0.0,6644.73974609375,0.0,95.180908203125,0.0,671.0193359375,0.0
"Jul 26, 2019",5626.0,0.0,6862.8056640625,0.0,124.54326171875,0.0,671.0193359375,0.0
"Jul 25, 2019",5652.0,0.0,7020.53857421875,0.0,237.843505859375,0.0,671.0193359375,0.0
"Jul 24, 2019",5612.0,0.0,6739.21826171875,0.0,381.5359375,0.0,671.0193359375,0.0
"Jul 23, 2019",5706.0,0.0,6780.2958984375,0.0,442.294384765625,0.0,671.0193359375,0.0
"Jul 22, 2019",5740.0,0.0,6540.1025390625,0.0,535.159814453125,0.0,671.0193359375,0.0
"Jul 19, 2019",5784.0,0.0,6412.638671875,0.0,560.69609375,0.0,671.0193359375,0.0
"Jul 18, 2019",5780.0,0.0,6102.6357421875,0.0,499.87939453125,0.0,671.0193359375,0.0
"Jul 17, 2019",5748.0,0.0,6384.6318359375,0.0,395.289111328125,0.0,671.0193359375,0.0
"Jul 16, 2019",5676.0,0.0,6475.75830078125,0.0,346.23046875,0.0,671.0193359375,0.0
"Jul 15, 2019",5684.0,0.0,6414.9580078125,0.0,318.776708984375,0.0,671.0193359375,0.0
"Jul 12, 2019",5702.0,0.0,6153.611328125,0.0,311.862255859375,0.0,671.0193359375,0.0
"Jul 11, 2019",5666.0,0.0,6494.4189453125,0.0,294.159521484375,0.0,671.0193359375,0.0
"Jul 10, 2019",5702.0,0.0,6198.43896484375,0.0,344.737841796875,0.0,671.0193359375,0.0
"Jul 09, 2019",5692.0,0.0,6270.5048828125,0.0,330.7185546875,0.0,671.0193359375,0.0
"Jul 08, 2019",5640.0,0.0,6062.87841796875,0.0,308.593212890625,0.0,671.0193359375,0.0
"Jul 05, 2019",5804.0,0.0,6003.45654296875,0.0,277.78525390625,0.0,671.0193359375,0.0
"Jul 04, 2019",5764.0,0.0,6187.595703125,0.0,252.569775390625,0.0,671.0193359375,0.0
"Jul 03, 2019",5690.0,0.0,6179.4609375,0.0,212.087451171875,0.0,671.0193359375,0.0
"Jul 02, 2019",5596.0,0.0,5730.39794921875,0.0,211.3896484375,0.0,671.0193359375,0.0
"Jul 01, 2019",5546.0,0.0,6254.94091796875,0.0,158.978955078125,0.0,671.0193359375,0.0
"Jun 28, 2019",5468.0,0.0,6220.8798828125,0.0,187.585205078125,0.0,671.0193359375,0.0
"Jun 27, 2019",5498.0,0.0,5665.30810546875,0.0,247.567333984375,0.0,671.0193359375,0.0
"Jun 26, 2019",5550.0,0.0,5684.73291015625,0.0,217.8912109375,0.0,671.0193359375,0.0
"Jun 25, 2019",5586.0,0.0,5979.0849609375,0.0,189.8259765625,0.0,671.0193359375,0.0
"Jun 24, 2019",5488.0,0.0,5572.8134765625,0.0,215.694677734375,0.0,671.0193359375,0.0
"Jun 21, 2019",5518.0,0.0,5694.541015625,0.0,153.28193359375,0.0,671.0193359375,0.0
"Jun 20, 2019",5516.0,0.0,5654.46826171875,0.0,95.648046875,0.0,671.0193359375,0.0
"Jun 19, 2019",5486.0,0.0,5663.1015625,0.0,92.7640625,0.0,671.0193359375,0.0
"Jun 18, 2019",5454.0,0.0,5738.05126953125,0.0,97.000927734375,0.0,671.0193359375,0.0
"Jun 17, 2019",5446.0,0.0,5706.46337890625,0.0,86.09755859375,0.0,671.0193359375,0.0
"Jun 14, 2019",5414.0,0.0,5536.6962890625,0.0,103.662548828125,0.0,671.0193359375,0.0
"Jun 13, 2019",5386.0,0.0,5593.48046875,0.0,98.278076171875,0.0,671.0193359375,0.0
"Jun 12, 2019",5438.0,0.0,5426.02294921875,0.0,105.179296875,0.0,671.0193359375,0.0
"Jun 11, 2019",5484.0,0.0,5467.84130859375,0.0,83.071435546875,0.0,671.0193359375,0.0
"Jun 10, 2019",5460.0,0.0,5497.50439453125,0.0,57.882177734375,0.0,671.0193359375,0.0
"Jun 07, 2019",5386.0,0.0,5527.2314453125,0.0,39.581689453125,0.0,671.0193359375,0.0
"Jun 06, 2019",5350.0,0.0,5489.4677734375,0.0,41.435205078125,0.0,671.0193359375,0.0
"Jun 05, 2019",5316.0,0.0,5578.15087890625,0.0,34.633935546875,0.0,671.0193359375,0.0
"Jun 04, 2019",5280.0,0.0,5400.21240234375,0.0,59.651318359375,0.0,671.0193359375,0.0
"Jun 03, 2019",5270.0,0.0,5462.541015625,0.0,52.12041015625,0.0,671.0193359375,0.0
"May 31, 2019",5228.0,0.0,5528.04638671875,0.0,85.5603515625,0.0,671.0193359375,0.0
"May 30, 2019",5146.0,0.0,5462.595703125,0.0,101.441845703125,0.0,671.0193359375,0.0
"May 29, 2019",5214.0,0.0,5351.4423828125,0.0,119.154638671875,0.0,671.0193359375,0.0
"May 28, 2019",5232.0,0.0,5338.7763671875,0.0,106.6837890625,0.0,671.0193359375,0.0
"May 24, 2019",5240.0,0.0,5331.8125,0.0,105.340185546875,0.0,671.0193359375,0.0
"May 23, 2019",5300.0,0.0,5335.4423828125,0.0,95.267333984375,0.0,671.0193359375,0.0
"May 22, 2019",5306.0,0.0,5322.029296875,0.0,68.80693359375,0.0,671.0193359375,0.0
"May 21, 2019",5268.0,0.0,5413.181640625,0.0,38.75029296875,0.0,671.0193359375,0.0
"May 20, 2019",5300.0,0.0,5325.10302734375,0.0,39.52421875,0.0,671.0193359375,0.0
"May 17, 2019",5264.0,0.0,5209.68798828125,0.0,31.356884765625,0.0,671.0193359375,0.0
"May 16, 2019",5206.0,0.0,5318.18505859375,0.0,27.6068359375,0.0,671.0193359375,0.0
"May 15, 2019",5160.0,0.0,5334.412109375,0.0,35.281103515625,0.0,671.0193359375,0.0
"May 14, 2019",5062.0,0.0,5307.17578125,0.0,51.119384765625,0.0,671.0193359375,0.0
"May 13, 2019",5070.0,0.0,5291.5556640625,0.0,61.118798828125,0.0,671.0193359375,0.0
"May 10, 2019",5108.0,0.0,5254.27490234375,0.0,80.7640625,0.0,671.0193359375,0.0
"May 09, 2019",5112.0,0.0,5220.6171875,0.0,89.9603515625,0.0,671.0193359375,0.0
"May 08, 2019",5098.0,0.0,5211.70947265625,0.0,89.603564453125,0.0,671.0193359375,0.0
"May 07, 2019",5120.0,0.0,5200.1376953125,0.0,83.53330078125,0.0,671.0193359375,0.0
"May 03, 2019",5136.0,0.0,5217.58544921875,0.0,67.0294921875,0.0,671.0193359375,0.0
"May 02, 2019",5110.0,0.0,5128.8837890625,0.0,53.032470703125,0.0,671.0193359375,0.0
"May 01, 2019",5046.0,0.0,5127.25830078125,0.0,40.293359375,0.0,671.0193359375,0.0
"Apr 30, 2019",5130.0,0.0,5191.0185546875,0.0,37.557470703125,0.0,671.0193359375,0.0
"Apr 29, 2019",5098.0,0.0,5105.70703125,0.0,32.28837890625,0.0,671.0193359375,0.0
"Apr 26, 2019",5064.0,0.0,5154.1845703125,0.0,24.84619140625,0.0,671.0193359375,0.0
"Apr 25, 2019",5004.0,0.0,5199.98486328125,0.0,25.905224609375,0.0,671.0193359375,0.0
"Apr 24, 2019",4981.0,0.0,5061.634765625,0.0,43.61533203125,0.0,671.0193359375,0.0
"Apr 23, 2019",5000.0,0.0,5058.193359375,0.0,35.211572265625,0.0,671.0193359375,0.0
"Apr 18, 2019",4946.0,0.0,5162.060546875,0.0,35.782177734375,0.0,671.0193359375,0.0
"Apr 17, 2019",4948.0,0.0,5091.3134765625,0.0,63.417529296875,0.0,671.0193359375,0.0
"Apr 16, 2019",4877.0,0.0,5082.5458984375,0.0,69.418701171875,0.0,671.0193359375,0.0
"Apr 15, 2019",4879.0,0.0,5090.72509765625,0.0,70.3748046875,0.0,671.0193359375,0.0
"Apr 12, 2019",4840.0,0.0,5033.48681640625,0.0,83.483837890625,0.0,671.0193359375,0.0
"Apr 11, 2019",4794.0,0.0,5002.73388671875,0.0,97.01318359375,0.0,671.0193359375,0.0
"Apr 10, 2019",4800.0,0.0,5023.859375,0.0,96.280517578125,0.0,671.0193359375,0.0
"Apr 09, 2019",4848.0,0.0,4959.17431640625,0.0,104.335107421875,0.0,671.0193359375,0.0
"Apr 08, 2019",4892.0,0.0,4992.54638671875,0.0,94.89794921875,0.0,671.0193359375,0.0
"Apr 05, 2019",4928.0,0.0,4974.95556640625,0.0,83.780078125,0.0,671.0193359375,0.0
"Apr 04, 2019",4901.0,0.0,4871.41943359375,0.0,69.126953125,0.0,671.0193359375,0.0
"Apr 03, 2019",4800.0,0.0,4917.98974609375,0.0,51.21162109375,0.0,671.0193359375,0.0
"Apr 02, 2019",4793.0,0.0,5004.1787109375,0.0,40.624658203125,0.0,671.0193359375,0.0
"Apr 01, 2019",4746.0,0.0,4951.5517578125,0.0,50.62509765625,0.0,671.0193359375,0.0
"Mar 29, 2019",4710.0,0.0,4916.8291015625,0.0,61.125634765625,0.0,671.0193359375,0.0
"Mar 28, 2019",4659.0,0.0,4923.080078125,0.0,77.11298828125,0.0,671.0193359375,0.0
"Mar 27, 2019",4625.0,0.0,4956.45263671875,0.0,100.562939453125,0.0,671.0193359375,0.0
"Mar 26, 2019",4570.0,0.0,4863.02880859375,0.0,121.909228515625,0.0,671.0193359375,0.0
"Mar 25, 2019",4566.0,0.0,4807.02490234375,0.0,130.09423828125,0.0,671.0193359375,0.0
"Mar 22, 2019",4656.0,0.0,4818.12451171875,0.0,133.641552734375,0.0,671.0193359375,0.0
"Mar 21, 2019",4663.0,0.0,4775.99267578125,0.0,129.17109375,0.0,671.0193359375,0.0
"Mar 20, 2019",4800.0,0.0,4789.6748046875,0.0,114.062353515625,0.0,671.0193359375,0.0
"Mar 19, 2019",4763.0,0.0,4736.447265625,0.0,81.949609375,0.0,671.0193359375,0.0
"Mar 18, 2019",4750.0,0.0,4756.857421875,0.0,55.302001953125,0.0,671.0193359375,0.0
"Mar 15, 2019",4695.0,0.0,4725.84130859375,0.0,31.88525390625,0.0,671.0193359375,0.0
"Mar 14, 2019",4669.0,0.0,4749.66357421875,0.0,18.75693359375,0.0,671.0193359375,0.0
"Mar 13, 2019",4678.0,0.0,4751.890625,0.0,15.5240234375,0.0,671.0193359375,0.0
"Mar 12, 2019",4657.0,0.0,4742.61572265625,0.0,21.88056640625,0.0,671.0193359375,0.0
"Mar 11, 2019",4665.0,0.0,4761.10498046875,0.0,27.786865234375,0.0,671.0193359375,0.0
"Mar 08, 2019",4610.0,0.0,4735.26318359375,0.0,36.71162109375,0.0,671.0193359375,0.0
"Mar 07, 2019",4687.0,0.0,4651.04931640625,0.0,46.15380859375,0.0,671.0193359375,0.0
"Mar 06, 2019",4718.0,0.0,4667.71630859375,0.0,37.577587890625,0.0,671.0193359375,0.0
"Mar 05, 2019",4724.0,0.0,4629.95654296875,0.0,36.26005859375,0.0,671.0193359375,0.0
"Mar 04, 2019",4699.0,0.0,4666.78076171875,0.0,37.10283203125,0.0,671.0193359375,0.0
"Mar 01, 2019",4417.0,0.0,4721.87255859375,0.0,33.776025390625,0.0,671.0193359375,0.0
"Feb 28, 2019",4553.0,0.0,4722.7822265625,0.0,46.62421875,0.0,671.0193359375,0.0
"Feb 27, 2019",4491.0,0.0,4549.02099609375,0.0,65.1201171875,0.0,671.0193359375,0.0
"Feb 26, 2019",4474.0,0.0,4656.01708984375,0.0,36.69384765625,0.0,671.0193359375,0.0
"Feb 25, 2019",4519.0,0.0,4630.9189453125,0.0,45.4912109375,0.0,671.0193359375,0.0
"Feb 22, 2019",4524.0,0.0,4584.21337890625,0.0,82.661181640625,0.0,671.0193359375,0.0
"Feb 21, 2019",4510.0,0.0,4582.89501953125,0.0,58.195263671875,0.0,671.0193359375,0.0
"Feb 20, 2019",4585.0,0.0,4573.5986328125,0.0,48.50654296875,0.0,671.0193359375,0.0
"Feb 19, 2019",4671.0,0.0,4414.25,0.0,43.844580078125,0.0,671.0193359375,0.0
"Feb 18, 2019",4679.0,0.0,4603.40234375,0.0,51.31787109375,0.0,671.0193359375,0.0
"Feb 15, 2019",4630.0,0.0,4539.4267578125,0.0,42.60546875,0.0,671.0193359375,0.0
"Feb 14, 2019",4614.0,0.0,4663.61328125,0.0,48.441455078125,0.0,671.0193359375,0.0
"Feb 13, 2019",4580.0,0.0,4597.09912109375,0.0,35.2126953125,0.0,671.0193359375,0.0
"Feb 12, 2019",4645.0,0.0,4504.82373046875,0.0,48.963330078125,0.0,671.0193359375,0.0
"Feb 11, 2019",4601.0,0.0,4502.4326171875,0.0,36.0056640625,0.0,671.0193359375,0.0
"Feb 08, 2019",4592.0,0.0,4602.220703125,0.0,39.6029296875,0.0,671.0193359375,0.0
"Feb 07, 2019",4620.0,0.0,4529.76123046875,0.0,27.3478515625,0.0,671.0193359375,0.0
"Feb 06, 2019",4629.0,0.0,4598.2021484375,0.0,31.430224609375,0.0,671.0193359375,0.0
"Feb 05, 2019",4626.0,0.0,4504.1865234375,0.0,35.4798828125,0.0,671.0193359375,0.0
"Feb 04, 2019",4566.0,0.0,4548.6748046875,0.0,33.643603515625,0.0,671.0193359375,0.0
"Feb 01, 2019",4594.0,0.0,4543.1982421875,0.0,22.613818359375,0.0,671.0193359375,0.0
"Jan 31, 2019",4617.0,0.0,4567.16455078125,0.0,27.877490234375,0.0,671.0193359375,0.0
"Jan 30, 2019",4526.0,0.0,4483.35205078125,0.0,23.720703125,0.0,671.0193359375,0.0
"Jan 29, 2019",4494.0,0.0,4699.84619140625,0.0,28.125927734375,0.0,671.0193359375,0.0
"Jan 28, 2019",4418.0,0.0,4421.02880859375,0.0,36.52919921875,0.0,671.0193359375,0.0
"Jan 25, 2019",4408.0,0.0,4418.18310546875,0.0,35.216015625,0.0,671.0193359375,0.0
"Jan 24, 2019",4432.0,0.0,4610.99658203125,0.0,31.154150390625,0.0,671.0193359375,0.0
"Jan 23, 2019",4464.0,0.0,4500.56689453125,0.0,44.070263671875,0.0,671.0193359375,0.0
"Jan 22, 2019",4475.0,0.0,4445.82275390625,0.0,41.64384765625,0.0,671.0193359375,0.0
"Jan 21, 2019",4457.0,0.0,4552.62939453125,0.0,22.876953125,0.0,671.0193359375,0.0
"Jan 18, 2019",4431.0,0.0,4445.2802734375,0.0,30.33701171875,0.0,671.0193359375,0.0
"Jan 17, 2019",4413.0,0.0,4467.31689453125,0.0,33.73701171875,0.0,671.0193359375,0.0
"Jan 16, 2019",4494.0,0.0,4442.19189453125,0.0,21.26904296875,0.0,671.0193359375,0.0
"Jan 15, 2019",4468.0,0.0,4477.1728515625,0.0,22.103515625,0.0,671.0193359375,0.0
"Jan 14, 2019",4331.0,0.0,4504.13623046875,0.0,18.40498046875,0.0,671.0193359375,0.0
"Jan 11, 2019",4298.0,0.0,4535.94384765625,0.0,27.892529296875,0.0,671.0193359375,0.0
"Jan 10, 2019",4188.0,0.0,4412.50390625,0.0,52.05888671875,0.0,671.0193359375,0.0
"Jan 09, 2019",4191.0,0.0,4449.388671875,0.0,56.722705078125,0.0,671.0193359375,0.0
"Jan 08, 2019",4200.0,0.0,4472.29931640625,0.0,79.21533203125,0.0,671.0193359375,0.0
"Jan 07, 2019",4270.0,0.0,4449.5791015625,0.0,116.627197265625,0.0,671.0193359375,0.0
"Jan 04, 2019",4160.0,0.0,4396.7294921875,0.0,117.271484375,0.0,671.0193359375,0.0
"Jan 03, 2019",4083.0,0.0,4427.7431640625,0.0,117.150048828125,0.0,671.0193359375,0.0
"Jan 02, 2019",4040.0,0.0,4391.7529296875,0.0,129.173974609375,0.0,671.0193359375,0.0
"Dec 31, 2018",4077.0,0.0,4338.6748046875,0.0,138.510400390625,0.0,671.0193359375,0.0
"Dec 28, 2018",4010.0,0.0,4242.9365234375,0.0,137.44794921875,0.0,671.0193359375,0.0
"Dec 27, 2018",3967.0,0.0,4435.26708984375,0.0,142.78369140625,0.0,671.0193359375,0.0
"Dec 24, 2018",4039.0,0.0,4348.203125,0.0,165.937451171875,0.0,671.0193359375,0.0
"Dec 21, 2018",4046.0,0.0,4262.67724609375,0.0,162.383447265625,0.0,671.0193359375,0.0
"Dec 20, 2018",4000.0,0.0,4212.603515625,0.0,148.87587890625,0.0,671.0193359375,0.0
"Dec 19, 2018",4010.0,0.0,4200.64013671875,0.0,143.96875,0.0,671.0193359375,0.0
"Dec 18, 2018",4055.0,0.0,4165.22998046875,0.0,139.739111328125,0.0,671.0193359375,0.0
"Dec 17, 2018",4035.0,0.0,4260.205078125,0.0,103.935400390625,0.0,671.0193359375,0.0
"Dec 14, 2018",3994.0,0.0,4215.15966796875,0.0,95.535595703125,0.0,671.0193359375,0.0
"Dec 13, 2018",4022.0,0.0,4240.212890625,0.0,95.983837890625,0.0,671.0193359375,0.0
"Dec 12, 2018",3930.0,0.0,4143.1474609375,0.0,96.544775390625,0.0,671.0193359375,0.0
"Dec 11, 2018",3913.0,0.0,4121.85009765625,0.0,98.7955078125,0.0,671.0193359375,0.0
"Dec 10, 2018",3893.0,0.0,4107.20166015625,0.0,108.65751953125,0.0,671.0193359375,0.0
"Dec 07, 2018",3896.0,0.0,4209.75,0.0,107.557177734375,0.0,671.0193359375,0.0
"Dec 06, 2018",4000.0,0.0,4041.682373046875,0.0,116.8162109375,0.0,671.0193359375,0.0
"Dec 05, 2018",3992.0,0.0,4016.996337890625,0.0,99.1631591796875,0.0,671.0193359375,0.0
"Dec 04, 2018",4055.0,0.0,4053.593505859375,0.0,80.348046875,0.0,671.0193359375,0.0
"Dec 03, 2018",4092.0,0.0,4019.2724609375,0.0,59.6036865234375,0.0,671.0193359375,0.0
"Nov 30, 2018",4096.0,0.0,3933.428955078125,0.0,45.4562744140625,0.0,671.0193359375,0.0
"Nov 29, 2018",4075.0,0.0,4041.6240234375,0.0,30.33837890625,0.0,671.0193359375,0.0
"Nov 28, 2018",4090.0,0.0,4060.04638671875,0.0,29.5077392578125,0.0,671.0193359375,0.0
"Nov 27, 2018",4062.0,0.0,4013.9375,0.0,28.48955078125,0.0,671.0193359375,0.0
"Nov 26, 2018",4080.0,0.0,3951.49560546875,0.0,34.6690673828125,0.0,671.0193359375,0.0
"Nov 23, 2018",4022.0,0.0,3973.4208984375,0.0,40.2467529296875,0.0,671.0193359375,0.0
"Nov 22, 2018",3988.0,0.0,4076.621337890625,0.0,21.23828125,0.0,671.0193359375,0.0
"Nov 21, 2018",3976.0,0.0,3948.682861328125,0.0,19.9628173828125,0.0,671.0193359375,0.0
"Nov 20, 2018",4030.0,0.0,3916.0771484375,0.0,28.920947265625,0.0,671.0193359375,0.0
"Nov 19, 2018",4105.0,0.0,4014.78759765625,0.0,40.694482421875,0.0,671.0193359375,0.0
"Nov 16, 2018",4125.0,0.0,3961.177734375,0.0,30.7865234375,0.0,671.0193359375,0.0
"Nov 15, 2018",4137.0,0.0,3892.11669921875,0.0,44.51083984375,0.0,671.0193359375,0.0
"Nov 14, 2018",4201.0,0.0,3968.19970703125,0.0,60.1370361328125,0.0,671.0193359375,0.0
"Nov 13, 2018",4168.0,0.0,3926.75537109375,0.0,84.564111328125,0.0,671.0193359375,0.0
"Nov 12, 2018",4252.0,0.0,3947.76513671875,0.0,97.2962890625,0.0,671.0193359375,0.0
"Nov 09, 2018",4173.0,0.0,3933.62158203125,0.0,118.69853515625,0.0,671.0193359375,0.0
"Nov 08, 2018",4240.0,0.0,4019.27294921875,0.0,126.254150390625,0.0,671.0193359375,0.0
"Nov 07, 2018",4272.0,0.0,3969.081298828125,0.0,123.838525390625,0.0,671.0193359375,0.0
"Nov 06, 2018",4255.0,0.0,4029.171630859375,0.0,130.8503662109375,0.0,671.0193359375,0.0
"Nov 05, 2018",4279.0,0.0,3952.988525390625,0.0,129.308740234375,0.0,671.0193359375,0.0
"Nov 02, 2018",4331.0,0.0,4023.089599609375,0.0,131.4864013671875,0.0,671.0193359375,0.0
"Nov 01, 2018",4280.0,0.0,4013.552978515625,0.0,138.339599609375,0.0,671.0193359375,0.0
"Oct 31, 2018",4315.0,0.0,4090.1259765625,0.0,142.9115966796875,0.0,671.0193359375,0.0
"Oct 30, 2018",4290.0,0.0,4012.909912109375,0.0,135.10712890625,0.0,671.0193359375,0.0
"Oct 29, 2018",4243.0,0.0,4103.19921875,0.0,140.23330078125,0.0,671.0193359375,0.0
"Oct 26, 2018",4254.0,0.0,4035.333251953125,0.0,121.6122314453125,0.0,671.0193359375,0.0
"Oct 25, 2018",4200.0,0.0,4099.140625,0.0,112.6878662109375,0.0,671.0193359375,0.0
"Oct 24, 2018",4227.0,0.0,4084.025634765625,0.0,96.1291015625,0.0,671.0193359375,0.0
"Oct 23, 2018",4340.0,0.0,4084.936767578125,0.0,87.9391357421875,0.0,671.0193359375,0.0
"Oct 22, 2018",4394.0,0.0,4027.306640625,0.0,85.7364501953125,0.0,671.0193359375,0.0
"Oct 19, 2018",4284.0,0.0,4132.8662109375,0.0,108.4257080078125,0.0,671.0193359375,0.0
"Oct 18, 2018",4275.0,0.0,4081.80224609375,0.0,101.672412109375,0.0,671.0193359375,0.0
"Oct 17, 2018",4223.0,0.0,4109.03466796875,0.0,110.90625,0.0,671.0193359375,0.0
"Oct 16, 2018",4088.0,0.0,4149.1982421875,0.0,108.0053466796875,0.0,671.0193359375,0.0
"Oct 15, 2018",4128.0,0.0,4232.71484375,0.0,83.8525390625,0.0,671.0193359375,0.0
"Oct 12, 2018",4101.0,0.0,4153.81884765625,0.0,53.44775390625,0.0,671.0193359375,0.0
"Oct 11, 2018",4102.0,0.0,4199.31201171875,0.0,50.69296875,0.0,671.0193359375,0.0
"Oct 10, 2018",4355.0,0.0,4108.3701171875,0.0,41.10439453125,0.0,671.0193359375,0.0
"Oct 09, 2018",4443.0,0.0,4078.072509765625,0.0,52.34140625,0.0,671.0193359375,0.0
"Oct 08, 2018",4519.0,0.0,4078.76416015625,0.0,82.7143310546875,0.0,671.0193359375,0.0
"Oct 05, 2018",4541.0,0.0,4023.409912109375,0.0,120.1924072265625,0.0,671.0193359375,0.0
"Oct 04, 2018",4561.0,0.0,4175.65185546875,0.0,166.66953125,0.0,671.0193359375,0.0
"Oct 03, 2018",4521.0,0.0,4238.28076171875,0.0,195.47314453125,0.0,671.0193359375,0.0
"Oct 02, 2018",4577.0,0.0,4195.45458984375,0.0,199.082080078125,0.0,671.0193359375,0.0
"Oct 01, 2018",4580.0,0.0,4282.12841796875,0.0,200.7438720703125,0.0,671.0193359375,0.0
"Sep 28, 2018",4584.0,0.0,4290.83984375,0.0,186.5074462890625,0.0,671.0193359375,0.0
"Sep 27, 2018",4583.0,0.0,4231.54150390625,0.0,164.064453125,0.0,671.0193359375,0.0
"Sep 26, 2018",4578.0,0.0,4339.78125,0.0,160.67548828125,0.0,671.0193359375,0.0
"Sep 25, 2018",4663.0,0.0,4170.9736328125,0.0,156.225439453125,0.0,671.0193359375,0.0
"Sep 24, 2018",4754.0,0.0,4211.11083984375,0.0,167.27353515625,0.0,671.0193359375,0.0
"Sep 21, 2018",4750.0,0.0,4333.458984375,0.0,191.77529296875,0.0,671.0193359375,0.0
"Sep 20, 2018",4759.0,0.0,4318.17236328125,0.0,204.11337890625,0.0,671.0193359375,0.0
"Sep 19, 2018",4753.0,0.0,4296.69873046875,0.0,213.05029296875,0.0,671.0193359375,0.0
"Sep 18, 2018",4750.0,0.0,4456.85986328125,0.0,234.858544921875,0.0,671.0193359375,0.0
"Sep 17, 2018",4789.0,0.0,4305.4345703125,0.0,214.969921875,0.0,671.0193359375,0.0
"Sep 14, 2018",4775.0,0.0,4306.89111328125,0.0,209.037548828125,0.0,671.0193359375,0.0
"Sep 13, 2018",4791.0,0.0,4443.39599609375,0.0,214.1943359375,0.0,671.0193359375,0.0
"Sep 12, 2018",4753.0,0.0,4364.24560546875,0.0,204.87197265625,0.0,671.0193359375,0.0
"Sep 11, 2018",4724.0,0.0,4376.9951171875,0.0,198.11728515625,0.0,671.0193359375,0.0
"Sep 10, 2018",4663.0,0.0,4555.39794921875,0.0,203.503759765625,0.0,671.0193359375,0.0
"Sep 07, 2018",4657.0,0.0,4382.419921875,0.0,165.907421875,0.0,671.0193359375,0.0
"Sep 06, 2018",4659.0,0.0,4479.025390625,0.0,146.554541015625,0.0,671.0193359375,0.0
"Sep 05, 2018",4685.0,0.0,4616.3056640625,0.0,129.7916015625,0.0,671.0193359375,0.0
"Sep 04, 2018",4684.0,0.0,4518.50439453125,0.0,97.785595703125,0.0,671.0193359375,0.0
"Sep 03, 2018",4627.0,0.0,4494.77001953125,0.0,79.63466796875,0.0,671.0193359375,0.0
"Aug 31, 2018",4654.0,0.0,4506.69580078125,0.0,82.0974609375,0.0,671.0193359375,0.0
"Aug 30, 2018",4625.0,0.0,4458.787109375,0.0,69.369873046875,0.0,671.0193359375,0.0
"Aug 29, 2018",4600.0,0.0,4537.3466796875,0.0,67.993701171875,0.0,671.0193359375,0.0
"Aug 28, 2018",4547.0,0.0,4593.0400390625,0.0,67.389599609375,0.0,671.0193359375,0.0
"Aug 24, 2018",4484.0,0.0,4588.73388671875,0.0,55.44404296875,0.0,671.0193359375,0.0
"Aug 23, 2018",4439.0,0.0,4643.49365234375,0.0,52.69443359375,0.0,671.0193359375,0.0
"Aug 22, 2018",4404.0,0.0,4594.10546875,0.0,58.41337890625,0.0,671.0193359375,0.0
"Aug 21, 2018",4435.0,0.0,4544.2568359375,0.0,60.80263671875,0.0,671.0193359375,0.0
"Aug 20, 2018",4417.0,0.0,4587.9267578125,0.0,64.6400390625,0.0,671.0193359375,0.0
"Aug 17, 2018",4397.0,0.0,4588.39794921875,0.0,77.95166015625,0.0,671.0193359375,0.0
"Aug 16, 2018",4414.0,0.0,4564.482421875,0.0,86.61806640625,0.0,671.0193359375,0.0
"Aug 15, 2018",4453.0,0.0,4538.89990234375,0.0,81.216943359375,0.0,671.0193359375,0.0
"Aug 14, 2018",4510.0,0.0,4478.3583984375,0.0,70.79638671875,0.0,671.0193359375,0.0
"Aug 13, 2018",4469.0,0.0,4516.8310546875,0.0,63.03486328125,0.0,671.0193359375,0.0
"Aug 10, 2018",4489.0,0.0,4558.6591796875,0.0,50.72529296875,0.0,671.0193359375,0.0
"Aug 09, 2018",4510.0,0.0,4536.11767578125,0.0,37.2130859375,0.0,671.0193359375,0.0
"Aug 08, 2018",4527.0,0.0,4518.6201171875,0.0,21.640771484375,0.0,671.0193359375,0.0
"Aug 07, 2018",4485.0,0.0,4500.8720703125,0.0,10.762939453125,0.0,671.0193359375,0.0
"Aug 06, 2018",4503.0,0.0,4509.5361328125,0.0,14.752197265625,0.0,671.0193359375,0.0
"Aug 03, 2018",4531.0,0.0,4491.25537109375,0.0,12.656494140625,0.0,671.0193359375,0.0
"Aug 02, 2018",4450.0,0.0,4503.95361328125,0.0,9.6650390625,0.0,671.0193359375,0.0
"Aug 01, 2018",4400.0,0.0,4516.92431640625,0.0,12.353271484375,0.0,671.0193359375,0.0
"Jul 31, 2018",4422.0,0.0,4532.056640625,0.0,23.20771484375,0.0,671.0193359375,0.0
"Jul 30, 2018",4466.0,0.0,4432.525390625,0.0,32.626171875,0.0,671.0193359375,0.0
"Jul 27, 2018",4527.0,0.0,4439.6806640625,0.0,17.592333984375,0.0,671.0193359375,0.0
"Jul 26, 2018",4560.0,0.0,4454.3076171875,0.0,35.96240234375,0.0,671.0193359375,0.0
"Jul 25, 2018",4556.0,0.0,4421.24267578125,0.0,44.221044921875,0.0,671.0193359375,0.0
"Jul 24, 2018",4545.0,0.0,4388.3125,0.0,46.004345703125,0.0,671.0193359375,0.0
"Jul 23, 2018",4536.0,0.0,4404.3623046875,0.0,51.793115234375,0.0,671.0193359375,0.0
"Jul 20, 2018",4570.0,0.0,4420.7900390625,0.0,61.609423828125,0.0,671.0193359375,0.0
"Jul 19, 2018",4553.0,0.0,4407.88427734375,0.0,67.798486328125,0.0,671.0193359375,0.0
"Jul 18, 2018",4502.0,0.0,4432.7744140625,0.0,71.7408203125,0.0,671.0193359375,0.0
"Jul 17, 2018",4483.0,0.0,4507.10791015625,0.0,65.187646484375,0.0,671.0193359375,0.0
"Jul 16, 2018",4516.0,0.0,4445.1953125,0.0,51.9296875,0.0,671.0193359375,0.0
"Jul 13, 2018",4539.0,0.0,4386.5263671875,0.0,45.84638671875,0.0,671.0193359375,0.0
"Jul 12, 2018",4513.0,0.0,4357.7880859375,0.0,46.17275390625,0.0,671.0193359375,0.0
"Jul 11, 2018",4470.0,0.0,4438.17529296875,0.0,47.182373046875,0.0,671.0193359375,0.0
"Jul 10, 2018",4500.0,0.0,4486.9345703125,0.0,32.309912109375,0.0,671.0193359375,0.0
"Jul 09, 2018",4504.0,0.0,4395.41650390625,0.0,42.338037109375,0.0,671.0193359375,0.0
"Jul 06, 2018",4479.0,0.0,4388.3876953125,0.0,46.11591796875,0.0,671.0193359375,0.0
"Jul 05, 2018",4485.0,0.0,4451.3759765625,0.0,39.136328125,0.0,671.0193359375,0.0
"Jul 04, 2018",4419.0,0.0,4428.31591796875,0.0,26.9775390625,0.0,671.0193359375,0.0
"Jul 03, 2018",4402.0,0.0,4411.63916015625,0.0,13.58876953125,0.0,671.0193359375,0.0
"Jul 02, 2018",4454.0,0.0,4452.16357421875,0.0,25.177490234375,0.0,671.0193359375,0.0
"Jun 29, 2018",4445.0,0.0,4415.32470703125,0.0,14.502783203125,0.0,671.0193359375,0.0
"Jun 28, 2018",4443.0,0.0,4384.7685546875,0.0,8.40908203125,0.0,671.0193359375,0.0
"Jun 27, 2018",4487.0,0.0,4401.5,0.0,10.86982421875,0.0,671.0193359375,0.0
"Jun 26, 2018",4421.0,0.0,4427.642578125,0.0,18.488232421875,0.0,671.0193359375,0.0
"Jun 25, 2018",4439.0,0.0,4453.41748046875,0.0,12.104931640625,0.0,671.0193359375,0.0
"Jun 22, 2018",4453.0,0.0,4401.30810546875,0.0,19.4466796875,0.0,671.0193359375,0.0
"Jun 21, 2018",4470.0,0.0,4408.623046875,0.0,21.38408203125,0.0,671.0193359375,0.0
"Jun 20, 2018",4387.0,0.0,4433.3046875,0.0,21.6986328125,0.0,671.0193359375,0.0
"Jun 19, 2018",4354.0,0.0,4431.45556640625,0.0,11.723583984375,0.0,671.0193359375,0.0
"Jun 18, 2018",4402.0,0.0,4406.7490234375,0.0,19.110888671875,0.0,671.0193359375,0.0
"Jun 15, 2018",4477.0,0.0,4394.35107421875,0.0,23.15556640625,0.0,671.0193359375,0.0
"Jun 14, 2018",4490.0,0.0,4374.80078125,0.0,27.253515625,0.0,671.0193359375,0.0
"Jun 13, 2018",4500.0,0.0,4411.49755859375,0.0,32.6357421875,0.0,671.0193359375,0.0
"Jun 12, 2018",4550.0,0.0,4349.51416015625,0.0,34.956005859375,0.0,671.0193359375,0.0
"Jun 11, 2018",4514.0,0.0,4399.16748046875,0.0,47.259033203125,0.0,671.0193359375,0.0
"Jun 08, 2018",4480.0,0.0,4431.1455078125,0.0,60.16689453125,0.0,671.0193359375,0.0
"Jun 07, 2018",4618.0,0.0,4383.23876953125,0.0,56.787451171875,0.0,671.0193359375,0.0
"Jun 06, 2018",4526.0,0.0,4335.71728515625,0.0,68.74365234375,0.0,671.0193359375,0.0
"Jun 05, 2018",4483.0,0.0,4493.86572265625,0.0,78.9216796875,0.0,671.0193359375,0.0
"Jun 04, 2018",4479.0,0.0,4413.4296875,0.0,57.1865234375,0.0,671.0193359375,0.0
"Jun 01, 2018",4517.0,0.0,4417.1787109375,0.0,52.260302734375,0.0,671.0193359375,0.0
"May 31, 2018",4473.0,0.0,4373.89892578125,0.0,60.130126953125,0.0,671.0193359375,0.0
"May 30, 2018",4480.0,0.0,4360.283203125,0.0,45.364111328125,0.0,671.0193359375,0.0
"May 29, 2018",4577.0,0.0,4405.32861328125,0.0,38.30751953125,0.0,671.0193359375,0.0
"May 25, 2018",4518.0,0.0,4456.61083984375,0.0,55.5880859375,0.0,671.0193359375,0.0
"May 24, 2018",4498.0,0.0,4349.3193359375,0.0,55.169970703125,0.0,671.0193359375,0.0
"May 23, 2018",4542.0,0.0,4439.87060546875,0.0,60.055908203125,0.0,671.0193359375,0.0
"May 22, 2018",4555.0,0.0,4361.814453125,0.0,60.358740234375,0.0,671.0193359375,0.0
"May 21, 2018",4547.0,0.0,4387.1650390625,0.0,67.705615234375,0.0,671.0193359375,0.0
"May 18, 2018",4519.0,0.0,4405.583984375,0.0,66.52197265625,0.0,671.0193359375,0.0
"May 17, 2018",4449.0,0.0,4451.9296875,0.0,71.724658203125,0.0,671.0193359375,0.0
"May 16, 2018",4477.0,0.0,4449.095703125,0.0,57.149560546875,0.0,671.0193359375,0.0
"May 15, 2018",4414.0,0.0,4384.35791015625,0.0,49.72705078125,0.0,671.0193359375,0.0
"May 14, 2018",4449.0,0.0,4381.4189453125,0.0,33.372705078125,0.0,671.0193359375,0.0
"May 11, 2018",4473.0,0.0,4462.52978515625,0.0,24.147314453125,0.0,671.0193359375,0.0
"May 10, 2018",4418.0,0.0,4449.00732421875,0.0,11.705712890625,0.0,671.0193359375,0.0
"May 09, 2018",4352.0,0.0,4412.744140625,0.0,14.5134765625,0.0,671.0193359375,0.0
"May 08, 2018",4325.0,0.0,4423.474609375,0.0,16.574560546875,0.0,671.0193359375,0.0
"May 04, 2018",4322.0,0.0,4452.42431640625,0.0,26.65185546875,0.0,671.0193359375,0.0
"May 03, 2018",4339.0,0.0,4331.38623046875,0.0,32.936181640625,0.0,671.0193359375,0.0
"May 02, 2018",4380.0,0.0,4377.85302734375,0.0,12.0162109375,0.0,671.0193359375,0.0
"May 01, 2018",4335.0,0.0,4517.89697265625,0.0,25.817626953125,0.0,671.0193359375,0.0
"Apr 30, 2018",4332.0,0.0,4375.40625,0.0,42.1556640625,0.0,671.0193359375,0.0
"Apr 27, 2018",4319.0,0.0,4297.3359375,0.0,36.189453125,0.0,671.0193359375,0.0
"Apr 26, 2018",4288.0,0.0,4387.96484375,0.0,24.439208984375,0.0,671.0193359375,0.0
"Apr 25, 2018",4289.0,0.0,4419.40283203125,0.0,33.67431640625,0.0,671.0193359375,0.0
"Apr 24, 2018",4238.0,0.0,4327.4736328125,0.0,47.83349609375,0.0,671.0193359375,0.0
"Apr 23, 2018",4269.0,0.0,4437.3623046875,0.0,38.491162109375,0.0,671.0193359375,0.0
"Apr 20, 2018",4258.0,0.0,4414.16796875,0.0,50.986767578125,0.0,671.0193359375,0.0
"Apr 19, 2018",4208.0,0.0,4315.638671875,0.0,64.437158203125,0.0,671.0193359375,0.0
"Apr 18, 2018",4184.0,0.0,4316.00146484375,0.0,65.204541015625,0.0,671.0193359375,0.0
"Apr 17, 2018",4221.0,0.0,4315.9970703125,0.0,65.364404296875,0.0,671.0193359375,0.0
"Apr 16, 2018",4282.0,0.0,4309.67724609375,0.0,65.916748046875,0.0,671.0193359375,0.0
"Apr 13, 2018",4255.0,0.0,4347.6123046875,0.0,51.8482421875,0.0,671.0193359375,0.0
"Apr 12, 2018",4258.0,0.0,4255.8544921875,0.0,45.49267578125,0.0,671.0193359375,0.0
"Apr 11, 2018",4291.0,0.0,4289.31396484375,0.0,32.32880859375,0.0,671.0193359375,0.0
"Apr 10, 2018",4281.0,0.0,4274.4091796875,0.0,19.297265625,0.0,671.0193359375,0.0
"Apr 09, 2018",4344.0,0.0,4242.083984375,0.0,10.456640625,0.0,671.0193359375,0.0
"Apr 06, 2018",4172.0,0.0,4271.83642578125,0.0,20.495068359375,0.0,671.0193359375,0.0
"Apr 05, 2018",4089.0,0.0,4333.98046875,0.0,21.21748046875,0.0,671.0193359375,0.0
"Apr 04, 2018",4076.0,0.0,4266.2724609375,0.0,45.5009765625,0.0,671.0193359375,0.0
"Apr 03, 2018",4079.0,0.0,4258.28857421875,0.0,52.650732421875,0.0,671.0193359375,0.0
"Mar 29, 2018",4140.0,0.0,4235.40478515625,0.0,80.92373046875,0.0,671.0193359375,0.0
"Mar 28, 2018",4140.0,0.0,4184.423828125,0.0,80.978271484375,0.0,671.0193359375,0.0
"Mar 27, 2018",4149.0,0.0,4204.7255859375,0.0,75.43701171875,0.0,671.0193359375,0.0
"Mar 26, 2018",4143.0,0.0,4226.16748046875,0.0,56.5115234375,0.0,671.0193359375,0.0
"Mar 23, 2018",4148.0,0.0,4113.3359375,0.0,45.801025390625,0.0,671.0193359375,0.0
"Mar 22, 2018",4111.0,0.0,4145.46484375,0.0,31.33857421875,0.0,671.0193359375,0.0
"Mar 21, 2018",4048.0,0.0,4122.48876953125,0.0,24.398095703125,0.0,671.0193359375,0.0
"Mar 20, 2018",3982.0,0.0,4222.54248046875,0.0,25.106982421875,0.0,671.0193359375,0.0
"Mar 19, 2018",4000.0,0.0,4245.5390625,0.0,44.188671875,0.0,671.0193359375,0.0
"Mar 16, 2018",4053.0,0.0,4115.291015625,0.0,60.925830078125,0.0,671.0193359375,0.0
"Mar 15, 2018",3961.0,0.0,4089.362060546875,0.0,65.7326171875,0.0,671.0193359375,0.0
"Mar 14, 2018",3905.0,0.0,4146.6455078125,0.0,75.1223388671875,0.0,671.0193359375,0.0
"Mar 13, 2018",3943.0,0.0,4075.19775390625,0.0,91.8380126953125,0.0,671.0193359375,0.0
"Mar 12, 2018",3936.0,0.0,4069.842529296875,0.0,81.0035400390625,0.0,671.0193359375,0.0
"Mar 09, 2018",3929.0,0.0,4105.76171875,0.0,69.83388671875,0.0,671.0193359375,0.0
"Mar 08, 2018",3919.0,0.0,4084.30810546875,0.0,81.28095703125,0.0,671.0193359375,0.0
"Mar 07, 2018",3875.0,0.0,4059.685791015625,0.0,84.9755615234375,0.0,671.0193359375,0.0
"Mar 06, 2018",3839.0,0.0,4092.561279296875,0.0,79.27958984375,0.0,671.0193359375,0.0
"Mar 05, 2018",3840.0,0.0,3990.32568359375,0.0,91.4159423828125,0.0,671.0193359375,0.0
"Mar 02, 2018",3863.0,0.0,4018.9326171875,0.0,93.0642578125,0.0,671.0193359375,0.0
"Mar 01, 2018",4026.0,0.0,4012.00927734375,0.0,90.98134765625,0.0,671.0193359375,0.0
"Feb 28, 2018",4044.0,0.0,3884.495361328125,0.0,73.695654296875,0.0,671.0193359375,0.0
"Feb 27, 2018",4087.0,0.0,3997.55859375,0.0,71.1775390625,0.0,671.0193359375,0.0
"Feb 26, 2018",4091.0,0.0,3953.279296875,0.0,54.7655517578125,0.0,671.0193359375,0.0
"Feb 23, 2018",4092.0,0.0,3931.15966796875,0.0,55.6590087890625,0.0,671.0193359375,0.0
"Feb 22, 2018",4053.0,0.0,3986.667724609375,0.0,56.1497802734375,0.0,671.0193359375,0.0
"Feb 21, 2018",3979.0,0.0,4009.625732421875,0.0,61.383935546875,0.0,671.0193359375,0.0
"Feb 20, 2018",3995.0,0.0,4022.6826171875,0.0,44.46201171875,0.0,671.0193359375,0.0
"Feb 19, 2018",4052.0,0.0,3998.478759765625,0.0,41.4869384765625,0.0,671.0193359375,0.0
"Feb 16, 2018",4044.0,0.0,3912.830322265625,0.0,33.0669921875,0.0,671.0193359375,0.0
"Feb 15, 2018",3984.0,0.0,3999.203369140625,0.0,29.4634033203125,0.0,671.0193359375,0.0
"Feb 14, 2018",3959.0,0.0,3909.245361328125,0.0,19.6738037109375,0.0,671.0193359375,0.0
"Feb 13, 2018",3930.0,0.0,3846.90771484375,0.0,22.8923828125,0.0,671.0193359375,0.0
"Feb 12, 2018",3919.0,0.0,3966.107177734375,0.0,30.37412109375,0.0,671.0193359375,0.0
"Feb 09, 2018",3894.0,0.0,4020.190673828125,0.0,32.63271484375,0.0,671.0193359375,0.0
"Feb 08, 2018",4034.0,0.0,3897.491943359375,0.0,32.134814453125,0.0,671.0193359375,0.0
"Feb 07, 2018",3935.0,0.0,3874.59912109375,0.0,34.556640625,0.0,671.0193359375,0.0
"Feb 06, 2018",3917.0,0.0,3943.525634765625,0.0,31.402490234375,0.0,671.0193359375,0.0
"Feb 05, 2018",3980.0,0.0,3902.8759765625,0.0,23.9458251953125,0.0,671.0193359375,0.0
"Feb 02, 2018",3993.0,0.0,3833.64013671875,0.0,32.355859375,0.0,671.0193359375,0.0
"Feb 01, 2018",3944.0,0.0,3859.3603515625,0.0,45.604248046875,0.0,671.0193359375,0.0
"Jan 31, 2018",4021.0,0.0,3931.515380859375,0.0,40.4174072265625,0.0,671.0193359375,0.0
"Jan 30, 2018",4018.0,0.0,3922.80322265625,0.0,39.3587646484375,0.0,671.0193359375,0.0
"Jan 29, 2018",4035.0,0.0,3912.026123046875,0.0,50.5804931640625,0.0,671.0193359375,0.0
"Jan 26, 2018",3952.0,0.0,3881.61376953125,0.0,55.165478515625,0.0,671.0193359375,0.0
"Jan 25, 2018",4020.0,0.0,3998.704833984375,0.0,46.268115234375,0.0,671.0193359375,0.0
"Jan 24, 2018",3805.0,0.0,3883.05908203125,0.0,39.9336669921875,0.0,671.0193359375,0.0
"Jan 23, 2018",3739.0,0.0,3985.66162109375,0.0,38.79111328125,0.0,671.0193359375,0.0
"Jan 22, 2018",3736.0,0.0,3927.7607421875,0.0,53.93759765625,0.0,671.0193359375,0.0
"Jan 19, 2018",3695.0,0.0,3957.736328125,0.0,60.8162841796875,0.0,671.0193359375,0.0
"Jan 18, 2018",3701.0,0.0,3894.32763671875,0.0,80.0512939453125,0.0,671.0193359375,0.0
"Jan 17, 2018",3680.0,0.0,3901.591796875,0.0,97.254541015625,0.0,671.0193359375,0.0
"Jan 16, 2018",3682.0,0.0,3817.177978515625,0.0,111.6078125,0.0,671.0193359375,0.0
"Jan 15, 2018",3707.0,0.0,3944.815185546875,0.0,100.4594482421875,0.0,671.0193359375,0.0
"Jan 12, 2018",3648.0,0.0,3767.601806640625,0.0,105.064892578125,0.0,671.0193359375,0.0
"Jan 11, 2018",3676.0,0.0,3837.014892578125,0.0,90.7514404296875,0.0,671.0193359375,0.0
"Jan 10, 2018",3711.0,0.0,3785.8486328125,0.0,87.520166015625,0.0,671.0193359375,0.0
"Jan 09, 2018",3753.0,0.0,3891.412353515625,0.0,72.845849609375,0.0,671.0193359375,0.0
"Jan 08, 2018",3761.0,0.0,3736.2490234375,0.0,73.169287109375,0.0,671.0193359375,0.0
"Jan 05, 2018",3762.0,0.0,3828.66552734375,0.0,51.8628662109375,0.0,671.0193359375,0.0
"Jan 04, 2018",3756.0,0.0,3822.59814453125,0.0,46.56923828125,0.0,671.0193359375,0.0
"Jan 03, 2018",3758.0,0.0,3750.08544921875,0.0,37.1275634765625,0.0,671.0193359375,0.0
"Jan 02, 2018",3797.0,0.0,3699.31787109375,0.0,29.7256103515625,0.0,671.0193359375,0.0
