"Date","Price","Open","High","Low","Vol.","Change %"
"Mar 19, 2020","5,827.8","5,818.0","6,041.9","5,770.0","285.35K","0.38%"
"Mar 18, 2020","5,806.0","5,996.0","6,016.0","5,300.0","1.39M","-5.96%"
"Mar 17, 2020","6,174.0","6,504.0","6,550.0","5,926.0","1.41M","-2.19%"
"Mar 16, 2020","6,312.0","6,250.0","6,368.0","5,734.0","1.52M","-7.09%"
"Mar 13, 2020","6,794.0","6,582.0","7,068.0","6,480.0","2.62M","6.89%"
"Mar 12, 2020","6,356.0","6,706.0","6,746.0","6,138.0","1.48M","-9.66%"
"Mar 11, 2020","7,036.0","7,320.0","7,320.0","6,994.6","885.02K","0.00%"
"Mar 10, 2020","7,036.0","7,332.0","7,490.0","7,036.0","924.05K","-2.90%"
"Mar 09, 2020","7,246.0","7,402.0","7,414.0","7,064.0","1.04M","-4.56%"
"Mar 06, 2020","7,592.0","7,884.0","7,938.0","7,536.0","1.29M","-5.45%"
"Mar 05, 2020","8,030.0","8,094.0","8,120.0","7,862.0","1.14M","0.45%"
"Mar 04, 2020","7,994.0","7,910.0","7,994.0","7,808.0","644.91K","1.65%"
"Mar 03, 2020","7,864.0","7,910.0","8,090.0","7,864.0","952.57K","-0.30%"
"Mar 02, 2020","7,888.0","7,824.0","7,954.0","7,658.0","1.21M","4.12%"
"Feb 28, 2020","7,576.0","7,730.0","7,778.0","7,420.0","1.25M","-3.00%"
"Feb 27, 2020","7,810.0","7,966.0","8,068.0","7,736.0","614.27K","-3.29%"
"Feb 26, 2020","8,076.0","7,908.0","8,076.0","7,576.0","1.01M","0.05%"
"Feb 25, 2020","8,072.0","8,344.0","8,421.0","8,058.0","652.67K","-2.75%"
"Feb 24, 2020","8,300.0","8,380.0","8,384.0","8,156.0","560.49K","-1.45%"
"Feb 21, 2020","8,422.0","8,416.0","8,538.0","8,380.0","447.36K","0.07%"
"Feb 20, 2020","8,416.0","8,582.0","8,628.0","8,416.0","457.25K","-1.48%"
"Feb 19, 2020","8,542.0","8,390.0","8,566.0","8,336.0","514.92K","2.30%"
"Feb 18, 2020","8,350.0","8,234.0","8,382.0","8,172.0","320.77K","0.60%"
"Feb 17, 2020","8,300.0","8,272.0","8,322.0","8,194.0","259.72K","0.97%"
"Feb 14, 2020","8,220.0","8,190.0","8,226.0","8,148.0","274.55K","-0.07%"
"Feb 13, 2020","8,226.0","8,280.0","8,280.0","8,128.0","428.52K","-0.56%"
"Feb 12, 2020","8,272.0","8,242.0","8,272.0","8,132.0","399.48K","0.90%"
"Feb 11, 2020","8,198.0","8,218.0","8,226.0","8,154.0","338.88K","0.39%"
"Feb 10, 2020","8,166.0","8,248.0","8,248.0","8,106.0","314.19K","-0.37%"
"Feb 07, 2020","8,196.0","8,198.0","8,254.0","8,154.0","458.58K","0.37%"
"Feb 06, 2020","8,166.0","8,162.0","8,180.0","8,070.0","338.28K","0.37%"
"Feb 05, 2020","8,136.0","7,974.0","8,162.0","7,974.0","489.25K","1.35%"
"Feb 04, 2020","8,028.0","7,980.0","8,080.0","7,950.0","625.84K","1.31%"
"Feb 03, 2020","7,924.0","7,842.0","7,996.0","7,820.0","402.21K","1.12%"
"Jan 31, 2020","7,836.0","7,850.0","7,960.0","7,796.0","836.08K","0.15%"
"Jan 30, 2020","7,824.0","7,736.0","7,854.0","7,720.0","415.18K","0.44%"
"Jan 29, 2020","7,790.0","7,780.0","7,802.0","7,710.0","477.73K","0.75%"
"Jan 28, 2020","7,732.0","7,802.0","7,852.0","7,684.0","521.59K","-0.46%"
"Jan 27, 2020","7,768.0","7,900.0","7,946.0","7,768.0","831.96K","-2.29%"
"Jan 24, 2020","7,950.0","7,998.0","8,150.0","7,950.0","567.01K","0.40%"
"Jan 23, 2020","7,918.0","7,990.0","7,990.0","7,884.0","425.18K","-0.85%"
"Jan 22, 2020","7,986.0","7,716.0","7,986.0","7,712.0","653.49K","3.61%"
"Jan 21, 2020","7,708.0","7,600.0","7,708.0","7,566.0","385.95K","1.10%"
"Jan 20, 2020","7,624.0","7,628.0","7,746.0","7,602.0","1.24M","-0.21%"
"Jan 17, 2020","7,640.0","7,694.0","7,706.0","7,580.0","458.35K","-0.08%"
"Jan 16, 2020","7,646.0","7,716.0","7,750.0","7,583.2","443.22K","0.00%"
"Jan 15, 2020","7,646.0","7,560.0","7,646.0","7,518.0","378.60K","1.33%"
"Jan 14, 2020","7,546.0","7,564.0","7,626.0","7,500.0","463.80K","-0.26%"
"Jan 13, 2020","7,566.0","7,700.0","7,700.0","7,550.0","262.43K","-1.12%"
"Jan 10, 2020","7,652.0","7,780.0","7,834.0","7,650.0","791.90K","-1.47%"
"Jan 09, 2020","7,766.0","7,590.0","7,778.0","7,578.5","891.39K","2.97%"
"Jan 08, 2020","7,542.0","7,410.0","7,542.0","7,355.7","488.08K","1.37%"
"Jan 07, 2020","7,440.0","7,550.0","7,559.8","7,424.0","370.89K","-0.80%"
"Jan 06, 2020","7,500.0","7,576.0","7,660.0","7,494.0","366.91K","-1.81%"
"Jan 03, 2020","7,638.0","7,656.0","7,658.0","7,580.0","359.98K","-0.81%"
"Jan 02, 2020","7,700.0","7,746.0","7,816.0","7,674.0","422.82K","-0.65%"
"Dec 31, 2019","7,750.0","7,752.0","7,752.0","7,648.0","122.51K","0.44%"
"Dec 30, 2019","7,716.0","7,770.0","7,770.0","7,702.0","174.88K","-0.57%"
"Dec 27, 2019","7,760.0","7,708.0","7,768.0","7,678.0","180.20K","1.04%"
"Dec 24, 2019","7,680.0","7,750.0","7,760.0","7,636.0","99.66K","-0.70%"
"Dec 23, 2019","7,734.0","7,640.0","7,750.0","7,622.0","444.95K","1.44%"
"Dec 20, 2019","7,624.0","7,498.0","7,642.0","7,462.0","982.03K","2.20%"
"Dec 19, 2019","7,460.0","7,388.0","7,460.0","7,288.0","520.54K","0.76%"
"Dec 18, 2019","7,404.0","7,410.0","7,480.0","7,376.0","602.36K","-0.43%"
"Dec 17, 2019","7,436.0","7,338.0","7,450.0","7,338.0","1.11M","1.42%"
"Dec 16, 2019","7,332.0","7,222.0","7,424.0","7,222.0","631.53K","2.23%"
"Dec 13, 2019","7,172.0","7,000.0","7,214.0","6,847.2","946.69K","3.19%"
"Dec 12, 2019","6,950.0","6,912.0","7,028.0","6,876.0","823.06K","0.75%"
"Dec 11, 2019","6,898.0","6,800.0","6,898.0","6,742.0","1.01M","1.47%"
"Dec 10, 2019","6,798.0","6,812.0","6,812.0","6,708.0","572.32K","0.30%"
"Dec 09, 2019","6,778.0","6,796.0","6,827.6","6,766.0","288.50K","-0.18%"
"Dec 06, 2019","6,790.0","6,750.0","6,836.0","6,728.0","390.82K","0.74%"
"Dec 05, 2019","6,740.0","6,800.0","6,832.0","6,718.0","370.99K","-0.79%"
"Dec 04, 2019","6,794.0","6,670.0","6,824.0","6,664.0","408.23K","1.68%"
"Dec 03, 2019","6,682.0","6,758.0","6,824.0","6,674.0","522.12K","-1.01%"
"Dec 02, 2019","6,750.0","6,872.0","6,944.3","6,726.0","549.02K","-1.78%"
"Nov 29, 2019","6,872.0","6,850.0","6,946.0","6,828.0","323.28K","-0.38%"
"Nov 28, 2019","6,898.0","7,018.0","7,018.0","6,864.0","235.44K","-1.82%"
"Nov 27, 2019","7,026.0","7,050.0","7,064.0","6,940.0","399.48K","0.23%"
"Nov 26, 2019","7,010.0","6,962.0","7,038.0","6,898.0","983.67K","2.16%"
"Nov 25, 2019","6,862.0","6,864.0","6,939.2","6,801.4","486.78K","0.35%"
"Nov 22, 2019","6,838.0","6,814.0","6,862.0","6,764.0","390.20K","0.83%"
"Nov 21, 2019","6,782.0","6,848.0","6,848.0","6,708.0","458.31K","-1.45%"
"Nov 20, 2019","6,882.0","6,906.0","6,940.0","6,784.0","491.76K","-0.20%"
"Nov 19, 2019","6,896.0","6,878.0","7,002.0","6,858.0","446.47K","0.82%"
"Nov 18, 2019","6,840.0","6,868.0","6,964.0","6,820.0","380.50K","0.00%"
"Nov 15, 2019","6,840.0","6,946.0","6,992.0","6,784.0","396.21K","-1.36%"
"Nov 14, 2019","6,934.0","6,974.0","7,032.0","6,910.0","489.82K","-0.77%"
"Nov 13, 2019","6,988.0","6,952.0","7,016.0","6,876.0","449.71K","0.40%"
"Nov 12, 2019","6,960.0","6,940.0","7,040.0","6,868.0","537.06K","0.78%"
"Nov 11, 2019","6,906.0","6,892.0","6,940.0","6,806.0","349.46K","0.03%"
"Nov 08, 2019","6,904.0","6,730.0","6,920.5","6,722.0","510.47K","2.34%"
"Nov 07, 2019","6,746.0","7,000.0","7,023.0","6,746.0","699.06K","-2.68%"
"Nov 06, 2019","6,932.0","7,000.0","7,006.0","6,858.0","671.13K","-0.43%"
"Nov 05, 2019","6,962.0","7,068.0","7,076.0","6,960.0","574.67K","-1.25%"
"Nov 04, 2019","7,050.0","7,050.0","7,138.0","7,000.0","393.52K","0.17%"
"Nov 01, 2019","7,038.0","7,024.0","7,132.0","6,987.5","360.01K","1.21%"
"Oct 31, 2019","6,954.0","7,130.0","7,168.0","6,946.0","547.43K","-2.08%"
"Oct 30, 2019","7,102.0","7,042.0","7,118.0","6,984.0","400.69K","0.79%"
"Oct 29, 2019","7,046.0","7,040.0","7,046.0","6,930.0","389.86K","0.34%"
"Oct 28, 2019","7,022.0","6,838.0","7,060.0","6,798.0","463.96K","2.99%"
"Oct 25, 2019","6,818.0","6,956.0","7,024.0","6,795.3","489.53K","-2.46%"
"Oct 24, 2019","6,990.0","6,994.0","7,080.0","6,942.0","784.88K","0.78%"
"Oct 23, 2019","6,936.0","7,098.0","7,149.8","6,912.0","926.49K","-2.78%"
"Oct 22, 2019","7,134.0","7,054.0","7,134.0","6,946.0","755.37K","0.85%"
"Oct 21, 2019","7,074.0","7,142.0","7,169.9","7,008.0","494.43K","-0.39%"
"Oct 18, 2019","7,102.0","7,100.0","7,236.0","7,066.0","495.46K","0.82%"
"Oct 17, 2019","7,044.0","7,064.0","7,086.0","6,920.0","692.55K","0.49%"
"Oct 16, 2019","7,010.0","7,210.0","7,210.0","6,996.0","638.70K","-2.75%"
"Oct 15, 2019","7,208.0","7,300.0","7,410.0","7,122.0","594.35K","-1.23%"
"Oct 14, 2019","7,298.0","7,304.0","7,356.0","7,244.0","286.82K","-0.03%"
"Oct 11, 2019","7,300.0","7,270.0","7,326.0","7,119.7","594.02K","0.16%"
"Oct 10, 2019","7,288.0","7,226.0","7,288.0","7,088.0","797.25K","0.55%"
"Oct 09, 2019","7,248.0","7,052.0","7,248.0","7,028.0","727.66K","3.25%"
"Oct 08, 2019","7,020.0","7,024.0","7,132.0","6,950.0","1.58M","-5.80%"
"Oct 07, 2019","7,452.0","7,400.0","7,500.0","7,362.0","778.10K","0.95%"
"Oct 04, 2019","7,382.0","7,310.0","7,394.0","7,172.0","872.93K","2.99%"
"Oct 03, 2019","7,168.0","7,008.0","7,188.0","6,980.0","875.89K","2.28%"
"Oct 02, 2019","7,008.0","7,220.0","7,238.0","6,984.0","739.81K","-3.42%"
"Oct 01, 2019","7,256.0","7,378.0","7,378.0","7,232.0","575.03K","-0.71%"
"Sep 30, 2019","7,308.0","7,324.0","7,400.0","7,308.0","525.73K","-0.71%"
"Sep 27, 2019","7,360.0","7,406.0","7,518.5","7,304.0","565.30K","0.14%"
"Sep 26, 2019","7,350.0","7,268.0","7,350.0","7,266.0","775.77K","1.32%"
"Sep 25, 2019","7,254.0","7,296.0","7,330.0","7,161.4","657.75K","-1.57%"
"Sep 24, 2019","7,370.0","7,320.0","7,402.8","7,288.0","404.78K","0.88%"
"Sep 23, 2019","7,306.0","7,258.0","7,334.0","7,202.0","348.23K","0.77%"
"Sep 20, 2019","7,250.0","7,200.0","7,264.0","7,168.0","1.44M","0.06%"
"Sep 19, 2019","7,246.0","7,230.0","7,256.0","7,150.0","566.15K","-0.14%"
"Sep 18, 2019","7,256.0","7,340.0","7,344.0","7,256.0","587.27K","-1.28%"
"Sep 17, 2019","7,350.0","7,376.0","7,432.0","7,330.0","646.87K","-0.73%"
"Sep 16, 2019","7,404.0","7,434.0","7,434.0","7,274.0","1.04M","-1.46%"
"Sep 13, 2019","7,514.0","7,260.0","7,566.0","7,198.0","1.85M","3.61%"
"Sep 12, 2019","7,252.0","7,250.0","7,296.0","7,158.0","963.63K","0.64%"
"Sep 11, 2019","7,206.0","6,818.0","7,922.0","6,690.0","3.94M","5.91%"
"Sep 10, 2019","6,804.0","7,070.0","7,171.9","6,732.0","1.50M","-3.90%"
"Sep 09, 2019","7,080.0","7,392.0","7,420.0","7,080.0","865.45K","-3.31%"
"Sep 06, 2019","7,322.0","7,228.0","7,370.0","7,202.0","566.67K","1.58%"
"Sep 05, 2019","7,208.0","7,216.0","7,316.0","7,152.0","629.15K","1.01%"
"Sep 04, 2019","7,136.0","7,100.0","7,142.0","6,948.0","678.21K","1.45%"
"Sep 03, 2019","7,034.0","7,020.0","7,058.0","6,956.0","318.02K","0.20%"
"Sep 02, 2019","7,020.0","6,936.0","7,040.0","6,932.0","423.96K","0.95%"
"Aug 30, 2019","6,954.0","6,936.0","7,032.0","6,932.0","524.09K","-0.23%"
"Aug 29, 2019","6,970.0","6,894.0","6,982.0","6,876.0","406.48K","1.31%"
"Aug 28, 2019","6,880.0","6,852.0","6,904.0","6,804.0","369.63K","0.58%"
"Aug 27, 2019","6,840.0","6,900.0","6,902.0","6,784.0","621.85K","0.12%"
"Aug 23, 2019","6,832.0","6,868.0","6,906.3","6,832.0","258.26K","-0.09%"
"Aug 22, 2019","6,838.0","6,860.0","6,884.0","6,760.0","507.32K","-0.90%"
"Aug 21, 2019","6,900.0","6,960.0","6,960.0","6,888.0","523.00K","0.29%"
"Aug 20, 2019","6,880.0","6,958.0","7,014.0","6,880.0","304.68K","-0.69%"
"Aug 19, 2019","6,928.0","6,894.0","7,002.0","6,840.0","467.28K","1.11%"
"Aug 16, 2019","6,852.0","6,730.0","6,866.0","6,724.0","551.00K","1.93%"
"Aug 15, 2019","6,722.0","6,726.0","6,780.0","6,649.3","548.77K","-0.09%"
"Aug 14, 2019","6,728.0","6,804.0","6,852.0","6,670.0","526.15K","-0.30%"
"Aug 13, 2019","6,748.0","6,730.0","6,788.0","6,696.0","512.20K","-0.62%"
"Aug 12, 2019","6,790.0","6,976.0","6,980.0","6,790.0","338.78K","-0.73%"
"Aug 09, 2019","6,840.0","6,804.0","6,880.0","6,790.0","453.62K","0.44%"
"Aug 08, 2019","6,810.0","6,800.0","6,864.0","6,758.0","1.06M","0.29%"
"Aug 07, 2019","6,790.0","6,626.0","6,790.0","6,606.0","701.08K","2.91%"
"Aug 06, 2019","6,598.0","6,560.0","6,640.0","6,552.0","721.27K","-0.12%"
"Aug 05, 2019","6,606.0","6,788.0","6,826.0","6,561.9","742.52K","-3.05%"
"Aug 02, 2019","6,814.0","7,120.0","7,124.0","6,600.0","1.36M","-3.46%"
"Aug 01, 2019","7,058.0","6,722.0","7,272.0","6,592.0","1.64M","6.52%"
"Jul 31, 2019","6,626.0","6,500.0","6,636.0","6,484.0","1.08M","1.88%"
"Jul 30, 2019","6,504.0","6,506.0","6,574.0","6,470.0","1.38M","-0.58%"
"Jul 29, 2019","6,542.0","6,100.0","6,600.0","6,010.0","1.39M","15.34%"
"Jul 26, 2019","5,672.0","5,626.0","5,694.0","5,620.0","203.03K","0.82%"
"Jul 25, 2019","5,626.0","5,652.0","5,668.0","5,574.0","569.03K","-0.04%"
"Jul 24, 2019","5,628.0","5,612.0","5,684.0","5,588.0","463.52K","-0.18%"
"Jul 23, 2019","5,638.0","5,706.0","5,790.0","5,620.0","566.00K","-1.36%"
"Jul 22, 2019","5,716.0","5,740.0","5,758.0","5,688.0","377.64K","-0.63%"
"Jul 19, 2019","5,752.0","5,784.0","5,810.0","5,734.0","403.49K","-0.31%"
"Jul 18, 2019","5,770.0","5,780.0","5,800.0","5,710.0","406.72K","-0.14%"
"Jul 17, 2019","5,778.0","5,748.0","5,790.0","5,741.0","277.73K","0.42%"
"Jul 16, 2019","5,754.0","5,676.0","5,782.0","5,664.0","415.13K","1.59%"
"Jul 15, 2019","5,664.0","5,684.0","5,774.9","5,618.0","410.12K","-0.53%"
"Jul 12, 2019","5,694.0","5,702.0","5,734.0","5,672.0","314.59K","0.28%"
"Jul 11, 2019","5,678.0","5,666.0","5,682.0","5,656.0","1.16M","0.18%"
"Jul 10, 2019","5,668.0","5,702.0","5,714.0","5,630.0","387.28K","-0.18%"
"Jul 09, 2019","5,678.0","5,692.0","5,738.0","5,668.0","380.61K","-0.25%"
"Jul 08, 2019","5,692.0","5,640.0","5,716.0","5,630.0","371.06K","0.64%"
"Jul 05, 2019","5,656.0","5,804.0","5,804.0","5,652.0","465.32K","-2.21%"
"Jul 04, 2019","5,784.0","5,764.0","5,794.0","5,712.0","226.61K","0.38%"
"Jul 03, 2019","5,762.0","5,690.0","5,768.0","5,662.0","427.38K","1.52%"
"Jul 02, 2019","5,676.0","5,596.0","5,676.0","5,584.0","528.86K","1.61%"
"Jul 01, 2019","5,586.0","5,546.0","5,586.0","5,506.0","494.14K","1.82%"
"Jun 28, 2019","5,486.0","5,468.0","5,550.0","5,464.1","675.86K","0.66%"
"Jun 27, 2019","5,450.0","5,498.0","5,520.0","5,432.0","534.33K","-1.09%"
"Jun 26, 2019","5,510.0","5,550.0","5,578.0","5,502.0","420.24K","-1.33%"
"Jun 25, 2019","5,584.0","5,586.0","5,608.0","5,562.0","422.24K","-0.07%"
"Jun 24, 2019","5,588.0","5,488.0","5,588.0","5,488.0","822.02K","1.60%"
"Jun 21, 2019","5,500.0","5,518.0","5,561.6","5,488.0","1.15M","-0.54%"
"Jun 20, 2019","5,530.0","5,516.0","5,600.0","5,498.0","459.05K","0.91%"
"Jun 19, 2019","5,480.0","5,486.0","5,509.0","5,466.0","397.68K","0.33%"
"Jun 18, 2019","5,462.0","5,454.0","5,478.0","5,420.0","592.57K","0.15%"
"Jun 17, 2019","5,454.0","5,446.0","5,476.0","5,426.0","362.63K","0.15%"
"Jun 14, 2019","5,446.0","5,414.0","5,446.0","5,370.0","431.51K","0.67%"
"Jun 13, 2019","5,410.0","5,386.0","5,438.0","5,384.0","308.20K","0.04%"
"Jun 12, 2019","5,408.0","5,438.0","5,450.0","5,362.0","468.39K","-0.73%"
"Jun 11, 2019","5,448.0","5,484.0","5,500.0","5,434.0","1.26M","-0.29%"
"Jun 10, 2019","5,464.0","5,460.0","5,472.0","5,422.0","195.61K","0.96%"
"Jun 07, 2019","5,412.0","5,386.0","5,428.0","5,374.0","437.23K","1.01%"
"Jun 06, 2019","5,358.0","5,350.0","5,418.0","5,336.0","370.45K","0.45%"
"Jun 05, 2019","5,334.0","5,316.0","5,362.0","5,298.0","601.79K","0.64%"
"Jun 04, 2019","5,300.0","5,280.0","5,338.0","5,268.0","768.02K","-0.04%"
"Jun 03, 2019","5,302.0","5,270.0","5,342.0","5,252.0","660.68K","0.34%"
"May 31, 2019","5,284.0","5,228.0","5,284.0","5,180.0","630.52K","0.61%"
"May 30, 2019","5,252.0","5,146.0","5,274.0","5,136.0","382.93K","2.06%"
"May 29, 2019","5,146.0","5,214.0","5,240.0","5,131.0","471.40K","-1.49%"
"May 28, 2019","5,224.0","5,232.0","5,238.0","5,204.0","890.52K","-0.11%"
"May 24, 2019","5,230.0","5,240.0","5,272.0","5,212.0","712.85K","0.38%"
"May 23, 2019","5,210.0","5,300.0","5,300.0","5,186.0","584.51K","-1.55%"
"May 22, 2019","5,292.0","5,306.0","5,330.0","5,274.0","839.03K","0.42%"
"May 21, 2019","5,270.0","5,268.0","5,308.0","5,260.0","463.55K","0.42%"
"May 20, 2019","5,248.0","5,300.0","5,320.0","5,224.0","741.88K","-0.76%"
"May 17, 2019","5,288.0","5,264.0","5,300.0","5,243.0","667.17K","0.08%"
"May 16, 2019","5,284.0","5,206.0","5,300.0","5,198.0","386.52K","1.15%"
"May 15, 2019","5,224.0","5,160.0","5,224.0","5,144.0","518.09K","1.67%"
"May 14, 2019","5,138.0","5,062.0","5,142.0","5,052.0","517.39K","1.74%"
"May 13, 2019","5,050.0","5,070.0","5,108.0","5,024.0","418.08K","-0.43%"
"May 10, 2019","5,072.0","5,108.0","5,136.0","5,070.0","308.99K","-0.08%"
"May 09, 2019","5,076.0","5,112.0","5,182.0","5,064.0","584.84K","-1.28%"
"May 08, 2019","5,142.0","5,098.0","5,146.0","5,068.0","1.84M","0.59%"
"May 07, 2019","5,112.0","5,120.0","5,190.0","5,110.0","407.64K","-0.08%"
"May 03, 2019","5,116.0","5,136.0","5,148.0","5,088.0","250.30K","0.31%"
"May 02, 2019","5,100.0","5,110.0","5,138.0","5,088.0","517.68K","-1.66%"
"May 01, 2019","5,186.0","5,046.0","5,186.0","5,028.0","444.29K","3.43%"
"Apr 30, 2019","5,014.0","5,130.0","5,132.0","5,008.0","1.45M","-1.84%"
"Apr 29, 2019","5,108.0","5,098.0","5,126.0","5,050.0","398.66K","0.51%"
"Apr 26, 2019","5,082.0","5,064.0","5,082.0","5,028.0","407.53K","0.83%"
"Apr 25, 2019","5,040.0","5,004.0","5,054.0","4,966.0","638.39K","1.10%"
"Apr 24, 2019","4,985.0","4,981.0","5,040.0","4,981.0","378.54K","-0.24%"
"Apr 23, 2019","4,997.0","5,000.0","5,005.0","4,929.0","429.96K","0.66%"
"Apr 18, 2019","4,964.0","4,946.0","4,984.0","4,918.0","311.38K","0.38%"
"Apr 17, 2019","4,945.0","4,948.0","4,950.0","4,906.0","344.28K","0.18%"
"Apr 16, 2019","4,936.0","4,877.0","4,965.0","4,851.0","420.53K","1.50%"
"Apr 15, 2019","4,863.0","4,879.0","4,905.0","4,851.0","333.82K","0.10%"
"Apr 12, 2019","4,858.0","4,840.0","4,894.0","4,820.0","340.47K","0.37%"
"Apr 11, 2019","4,840.0","4,794.0","4,854.0","4,775.2","276.38K","1.47%"
"Apr 10, 2019","4,770.0","4,800.0","4,812.0","4,770.0","470.20K","-0.36%"
"Apr 09, 2019","4,787.0","4,848.0","4,858.0","4,777.0","1.08M","-1.60%"
"Apr 08, 2019","4,865.0","4,892.0","4,943.0","4,852.0","401.11K","-1.60%"
"Apr 05, 2019","4,944.0","4,928.0","4,962.0","4,895.0","672.99K","0.30%"
"Apr 04, 2019","4,929.0","4,901.0","4,950.0","4,883.0","512.36K","-0.02%"
"Apr 03, 2019","4,930.0","4,800.0","4,931.0","4,800.0","704.55K","2.58%"
"Apr 02, 2019","4,806.0","4,793.0","4,806.0","4,753.0","547.89K","1.09%"
"Apr 01, 2019","4,754.0","4,746.0","4,807.0","4,746.0","602.94K","0.06%"
"Mar 29, 2019","4,751.0","4,710.0","4,753.0","4,698.0","557.47K","0.96%"
"Mar 28, 2019","4,706.0","4,659.0","4,732.0","4,656.0","560.53K","1.20%"
"Mar 27, 2019","4,650.0","4,625.0","4,668.0","4,597.0","527.60K","1.06%"
"Mar 26, 2019","4,601.0","4,570.0","4,610.0","4,538.0","565.21K","1.39%"
"Mar 25, 2019","4,538.0","4,566.0","4,584.0","4,533.0","418.96K","-1.22%"
"Mar 22, 2019","4,594.0","4,656.0","4,676.0","4,584.0","544.27K","-1.03%"
"Mar 21, 2019","4,642.0","4,663.0","4,693.0","4,525.0","1.72M","-1.46%"
"Mar 20, 2019","4,711.0","4,800.0","4,821.0","4,706.9","1.01M","-1.98%"
"Mar 19, 2019","4,806.0","4,763.0","4,821.0","4,763.0","748.63K","0.52%"
"Mar 18, 2019","4,781.0","4,750.0","4,789.0","4,750.0","378.30K","0.65%"
"Mar 15, 2019","4,750.0","4,695.0","4,757.0","4,660.0","949.57K","1.71%"
"Mar 14, 2019","4,670.0","4,669.0","4,691.0","4,620.0","509.23K","0.09%"
"Mar 13, 2019","4,666.0","4,678.0","4,710.0","4,628.0","358.73K","-0.06%"
"Mar 12, 2019","4,669.0","4,657.0","4,720.0","4,629.0","438.04K","0.54%"
"Mar 11, 2019","4,644.0","4,665.0","4,672.0","4,620.0","316.89K","0.19%"
"Mar 08, 2019","4,635.0","4,610.0","4,652.0","4,591.0","357.36K","0.06%"
"Mar 07, 2019","4,632.0","4,687.0","4,705.0","4,602.0","521.29K","-1.55%"
"Mar 06, 2019","4,705.0","4,718.0","4,749.3","4,671.0","517.60K","-0.63%"
"Mar 05, 2019","4,735.0","4,724.0","4,755.0","4,692.0","664.05K","0.38%"
"Mar 04, 2019","4,717.0","4,699.0","4,767.0","4,671.0","1.07M","0.47%"
"Mar 01, 2019","4,695.0","4,417.0","4,695.0","4,391.0","1.06M","4.17%"
"Feb 28, 2019","4,507.0","4,553.0","4,567.5","4,488.0","795.59K","0.40%"
"Feb 27, 2019","4,489.0","4,491.0","4,506.2","4,424.0","829.87K","-0.02%"
"Feb 26, 2019","4,490.0","4,474.0","4,520.0","4,461.0","515.11K","-0.40%"
"Feb 25, 2019","4,508.0","4,519.0","4,533.0","4,497.0","383.56K","-0.04%"
"Feb 22, 2019","4,510.0","4,524.0","4,546.0","4,493.0","641.98K","0.02%"
"Feb 21, 2019","4,509.0","4,510.0","4,548.0","4,491.0","745.44K","0.02%"
"Feb 20, 2019","4,508.0","4,585.0","4,601.0","4,505.0","640.69K","-2.06%"
"Feb 19, 2019","4,603.0","4,671.0","4,679.0","4,591.0","490.72K","-1.43%"
"Feb 18, 2019","4,670.0","4,679.0","4,691.0","4,636.0","494.44K","-0.32%"
"Feb 15, 2019","4,685.0","4,630.0","4,700.0","4,612.0","653.85K","1.17%"
"Feb 14, 2019","4,631.0","4,614.0","4,649.0","4,612.0","478.95K","-0.15%"
"Feb 13, 2019","4,638.0","4,580.0","4,649.0","4,576.0","482.42K","1.29%"
"Feb 12, 2019","4,579.0","4,645.0","4,654.0","4,570.0","559.28K","-1.29%"
"Feb 11, 2019","4,639.0","4,601.0","4,657.0","4,561.0","546.94K","1.38%"
"Feb 08, 2019","4,576.0","4,592.0","4,618.0","4,559.0","500.38K","-0.33%"
"Feb 07, 2019","4,591.0","4,620.0","4,683.0","4,591.0","502.53K","-1.27%"
"Feb 06, 2019","4,650.0","4,629.0","4,652.0","4,598.0","440.94K","-0.06%"
"Feb 05, 2019","4,653.0","4,626.0","4,666.0","4,575.0","509.33K","0.61%"
"Feb 04, 2019","4,625.0","4,566.0","4,629.0","4,564.0","457.25K","0.98%"
"Feb 01, 2019","4,580.0","4,594.0","4,612.0","4,552.0","464.96K","0.02%"
"Jan 31, 2019","4,579.0","4,617.0","4,650.0","4,536.0","783.18K","-0.24%"
"Jan 30, 2019","4,590.0","4,526.0","4,606.0","4,512.0","676.25K","1.32%"
"Jan 29, 2019","4,530.0","4,494.0","4,550.0","4,453.0","718.88K","1.91%"
"Jan 28, 2019","4,445.0","4,418.0","4,463.0","4,409.0","367.92K","0.57%"
"Jan 25, 2019","4,420.0","4,408.0","4,482.0","4,398.0","579.70K","0.16%"
"Jan 24, 2019","4,413.0","4,432.0","4,435.0","4,396.0","413.05K","-0.16%"
"Jan 23, 2019","4,420.0","4,464.0","4,482.0","4,384.0","713.03K","-0.67%"
"Jan 22, 2019","4,450.0","4,475.0","4,504.0","4,440.0","403.59K","-1.26%"
"Jan 21, 2019","4,507.0","4,457.0","4,546.0","4,453.0","454.54K","1.19%"
"Jan 18, 2019","4,454.0","4,431.0","4,455.9","4,395.0","1.29M","1.14%"
"Jan 17, 2019","4,404.0","4,413.0","4,432.0","4,388.0","689.50K","-0.23%"
"Jan 16, 2019","4,414.0","4,494.0","4,494.0","4,400.0","1.38M","-1.23%"
"Jan 15, 2019","4,469.0","4,468.0","4,494.0","4,390.0","1.07M","1.80%"
"Jan 14, 2019","4,390.0","4,331.0","4,413.0","4,306.0","967.92K","1.55%"
"Jan 11, 2019","4,323.0","4,298.0","4,350.0","4,281.0","912.29K","1.24%"
"Jan 10, 2019","4,270.0","4,188.0","4,282.5","4,167.0","407.85K","1.72%"
"Jan 09, 2019","4,198.0","4,191.0","4,232.0","4,179.0","917.42K","0.79%"
"Jan 08, 2019","4,165.0","4,200.0","4,208.0","4,163.0","774.44K","-0.97%"
"Jan 07, 2019","4,206.0","4,270.0","4,279.0","4,182.0","671.87K","-0.47%"
"Jan 04, 2019","4,226.0","4,160.0","4,227.0","4,075.0","577.69K","3.88%"
"Jan 03, 2019","4,068.0","4,083.0","4,121.0","4,059.0","1.08M","-1.36%"
"Jan 02, 2019","4,124.0","4,040.0","4,135.0","4,005.0","771.95K","1.53%"
"Dec 31, 2018","4,062.0","4,077.0","4,082.0","4,030.0","235.16K","-0.05%"
"Dec 28, 2018","4,064.0","4,010.0","4,087.0","4,010.0","404.31K","2.03%"
"Dec 27, 2018","3,983.0","3,967.0","4,012.0","3,943.0","638.14K","1.92%"
"Dec 24, 2018","3,908.0","4,039.0","4,063.0","3,897.0","172.18K","-3.91%"
"Dec 21, 2018","4,067.0","4,046.0","4,086.0","4,017.0","1.30M","0.42%"
"Dec 20, 2018","4,050.0","4,000.0","4,080.0","3,966.0","1.05M","0.50%"
"Dec 19, 2018","4,030.0","4,010.0","4,033.0","3,997.0","935.43K","0.42%"
"Dec 18, 2018","4,013.0","4,055.0","4,059.0","3,969.0","725.11K","-0.17%"
"Dec 17, 2018","4,020.0","4,035.0","4,050.0","3,998.0","847.62K","-0.50%"
"Dec 14, 2018","4,040.0","3,994.0","4,054.0","3,994.0","667.47K","0.25%"
"Dec 13, 2018","4,030.0","4,022.0","4,074.0","3,990.0","1.11M","-0.15%"
"Dec 12, 2018","4,036.0","3,930.0","4,038.0","3,915.0","863.24K","2.70%"
"Dec 11, 2018","3,930.0","3,913.0","4,003.1","3,882.0","808.32K","1.63%"
"Dec 10, 2018","3,867.0","3,893.0","3,958.0","3,867.0","705.00K","-0.15%"
"Dec 07, 2018","3,873.0","3,896.0","3,964.0","3,873.0","484.37K","0.08%"
"Dec 06, 2018","3,870.0","4,000.0","4,004.0","3,842.0","727.21K","-3.90%"
"Dec 05, 2018","4,027.0","3,992.0","4,076.0","3,970.0","451.23K","-0.30%"
"Dec 04, 2018","4,039.0","4,055.0","4,089.0","4,012.0","700.46K","-1.00%"
"Dec 03, 2018","4,080.0","4,092.0","4,100.0","4,049.0","678.44K","1.17%"
"Nov 30, 2018","4,033.0","4,096.0","4,096.0","4,016.0","826.19K","-1.22%"
"Nov 29, 2018","4,083.0","4,075.0","4,107.0","4,061.0","1.09M","0.84%"
"Nov 28, 2018","4,049.0","4,090.0","4,098.0","4,039.0","478.94K","-0.44%"
"Nov 27, 2018","4,067.0","4,062.0","4,081.0","4,027.0","691.68K","0.22%"
"Nov 26, 2018","4,058.0","4,080.0","4,080.0","4,018.0","634.64K","0.69%"
"Nov 23, 2018","4,030.0","4,022.0","4,041.0","3,988.0","727.71K","0.75%"
"Nov 22, 2018","4,000.0","3,988.0","4,009.0","3,962.0","724.01K","0.00%"
"Nov 21, 2018","4,000.0","3,976.0","4,004.0","3,932.0","739.26K","1.37%"
"Nov 20, 2018","3,946.0","4,030.0","4,055.0","3,944.0","979.95K","-2.71%"
"Nov 19, 2018","4,056.0","4,105.0","4,121.0","4,051.0","653.56K","-1.00%"
"Nov 16, 2018","4,097.0","4,125.0","4,142.0","4,085.0","548.40K","-0.05%"
"Nov 15, 2018","4,099.0","4,137.0","4,182.0","4,076.0","658.33K","-0.70%"
"Nov 14, 2018","4,128.0","4,201.0","4,201.0","4,087.0","693.70K","-1.92%"
"Nov 13, 2018","4,209.0","4,168.0","4,210.0","4,163.0","455.66K","1.06%"
"Nov 12, 2018","4,165.0","4,252.0","4,266.0","4,165.0","642.30K","-1.14%"
"Nov 09, 2018","4,213.0","4,173.0","4,242.0","4,165.0","628.30K","0.69%"
"Nov 08, 2018","4,184.0","4,240.0","4,276.0","4,184.0","705.25K","-1.69%"
"Nov 07, 2018","4,256.0","4,272.0","4,297.0","4,235.0","389.91K","0.12%"
"Nov 06, 2018","4,251.0","4,255.0","4,278.0","4,230.0","348.25K","-0.21%"
"Nov 05, 2018","4,260.0","4,279.0","4,294.0","4,252.0","441.92K","-0.63%"
"Nov 02, 2018","4,287.0","4,331.0","4,351.0","4,270.0","590.84K","0.19%"
"Nov 01, 2018","4,279.0","4,280.0","4,321.0","4,262.0","516.31K","-0.83%"
"Oct 31, 2018","4,315.0","4,315.0","4,354.0","4,303.0","1.02M","1.29%"
"Oct 30, 2018","4,260.0","4,290.0","4,299.0","4,231.0","433.89K","-0.28%"
"Oct 29, 2018","4,272.0","4,243.0","4,315.0","4,241.0","527.14K","0.85%"
"Oct 26, 2018","4,236.0","4,254.0","4,285.0","4,195.0","597.83K","-1.74%"
"Oct 25, 2018","4,311.0","4,200.0","4,311.0","4,147.0","851.59K","1.79%"
"Oct 24, 2018","4,235.0","4,227.0","4,300.0","4,227.0","1.22M","0.36%"
"Oct 23, 2018","4,220.0","4,340.0","4,342.0","4,201.0","946.82K","-3.10%"
"Oct 22, 2018","4,355.0","4,394.0","4,440.0","4,355.0","1.30M","-0.82%"
"Oct 19, 2018","4,391.0","4,284.0","4,409.0","4,242.0","1.08M","2.45%"
"Oct 18, 2018","4,286.0","4,275.0","4,316.0","4,252.0","991.94K","0.26%"
"Oct 17, 2018","4,275.0","4,223.0","4,282.0","4,209.0","1.24M","1.86%"
"Oct 16, 2018","4,197.0","4,088.0","4,208.0","4,074.0","802.14K","2.57%"
"Oct 15, 2018","4,092.0","4,128.0","4,128.0","4,040.5","678.93K","-0.12%"
"Oct 12, 2018","4,097.0","4,101.0","4,147.0","4,082.0","878.76K","0.49%"
"Oct 11, 2018","4,077.0","4,102.0","4,105.0","4,000.0","1.74M","-2.00%"
"Oct 10, 2018","4,160.0","4,355.0","4,363.0","4,160.0","1.16M","-4.50%"
"Oct 09, 2018","4,356.0","4,443.0","4,445.0","4,348.0","657.59K","-1.67%"
"Oct 08, 2018","4,430.0","4,519.0","4,522.0","4,430.0","652.71K","-1.82%"
"Oct 05, 2018","4,512.0","4,541.0","4,560.0","4,512.0","572.79K","-0.20%"
"Oct 04, 2018","4,521.0","4,561.0","4,567.0","4,521.0","464.74K","-0.94%"
"Oct 03, 2018","4,564.0","4,521.0","4,573.0","4,518.0","527.81K","1.00%"
"Oct 02, 2018","4,519.0","4,577.0","4,584.0","4,518.0","794.20K","-1.44%"
"Oct 01, 2018","4,585.0","4,580.0","4,603.0","4,561.0","533.14K","-0.02%"
"Sep 28, 2018","4,586.0","4,584.0","4,609.0","4,577.0","717.54K","-0.30%"
"Sep 27, 2018","4,600.0","4,583.0","4,631.0","4,565.0","632.85K","0.33%"
"Sep 26, 2018","4,585.0","4,578.0","4,606.0","4,564.0","677.97K","0.02%"
"Sep 25, 2018","4,584.0","4,663.0","4,700.0","4,577.0","1.31M","-1.69%"
"Sep 24, 2018","4,663.0","4,754.0","4,780.0","4,642.0","937.38K","-2.24%"
"Sep 21, 2018","4,770.0","4,750.0","4,783.0","4,734.0","1.49M","0.48%"
"Sep 20, 2018","4,747.0","4,759.0","4,775.0","4,720.0","771.94K","-0.31%"
"Sep 19, 2018","4,762.0","4,753.0","4,807.0","4,721.0","1.24M","0.08%"
"Sep 18, 2018","4,758.0","4,750.0","4,794.0","4,719.0","705.59K","0.15%"
"Sep 17, 2018","4,751.0","4,789.0","4,810.0","4,749.0","596.11K","-0.81%"
"Sep 14, 2018","4,790.0","4,775.0","4,790.0","4,739.0","389.08K","0.88%"
"Sep 13, 2018","4,748.0","4,791.0","4,814.0","4,745.0","441.75K","-0.96%"
"Sep 12, 2018","4,794.0","4,753.0","4,798.0","4,743.0","513.70K","1.18%"
"Sep 11, 2018","4,738.0","4,724.0","4,758.0","4,680.0","606.94K","0.25%"
"Sep 10, 2018","4,726.0","4,663.0","4,738.0","4,630.0","628.63K","1.77%"
"Sep 07, 2018","4,644.0","4,657.0","4,671.0","4,586.0","597.67K","-0.41%"
"Sep 06, 2018","4,663.0","4,659.0","4,700.0","4,626.0","1.00M","0.02%"
"Sep 05, 2018","4,662.0","4,685.0","4,696.0","4,626.0","605.31K","-0.41%"
"Sep 04, 2018","4,681.0","4,684.0","4,715.0","4,660.0","552.19K","0.24%"
"Sep 03, 2018","4,670.0","4,627.0","4,694.0","4,623.0","280.17K","0.99%"
"Aug 31, 2018","4,624.0","4,654.0","4,703.0","4,624.0","744.92K","-0.52%"
"Aug 30, 2018","4,648.0","4,625.0","4,670.0","4,618.0","461.92K","0.30%"
"Aug 29, 2018","4,634.0","4,600.0","4,653.0","4,598.0","573.28K","0.80%"
"Aug 28, 2018","4,597.0","4,547.0","4,630.0","4,536.0","558.93K","2.11%"
"Aug 24, 2018","4,502.0","4,484.0","4,510.0","4,475.0","362.29K","0.27%"
"Aug 23, 2018","4,490.0","4,439.0","4,515.0","4,425.0","504.60K","0.97%"
"Aug 22, 2018","4,447.0","4,404.0","4,457.0","4,394.0","742.95K","0.98%"
"Aug 21, 2018","4,404.0","4,435.0","4,435.0","4,395.0","292.08K","-0.43%"
"Aug 20, 2018","4,423.0","4,417.0","4,453.0","4,403.0","309.72K","0.34%"
"Aug 17, 2018","4,408.0","4,397.0","4,420.0","4,373.0","391.82K","0.23%"
"Aug 16, 2018","4,398.0","4,414.0","4,419.0","4,380.0","336.20K","0.16%"
"Aug 15, 2018","4,391.0","4,453.0","4,459.0","4,370.0","450.94K","-1.06%"
"Aug 14, 2018","4,438.0","4,510.0","4,510.0","4,437.0","369.90K","-1.16%"
"Aug 13, 2018","4,490.0","4,469.0","4,499.0","4,445.0","304.52K","0.20%"
"Aug 10, 2018","4,481.0","4,489.0","4,498.0","4,475.0","434.44K","-0.47%"
"Aug 09, 2018","4,502.0","4,510.0","4,512.0","4,483.0","438.07K","-0.18%"
"Aug 08, 2018","4,510.0","4,527.0","4,539.0","4,503.0","554.30K","-0.64%"
"Aug 07, 2018","4,539.0","4,485.0","4,550.0","4,474.0","570.80K","1.59%"
"Aug 06, 2018","4,468.0","4,503.0","4,503.0","4,428.0","507.34K","-0.47%"
"Aug 03, 2018","4,489.0","4,531.0","4,531.0","4,477.0","806.18K","-0.18%"
"Aug 02, 2018","4,497.0","4,450.0","4,520.0","4,413.0","1.95M","3.21%"
"Aug 01, 2018","4,357.0","4,400.0","4,404.4","4,348.0","728.92K","-0.91%"
"Jul 31, 2018","4,397.0","4,422.0","4,432.0","4,390.0","836.99K","-0.20%"
"Jul 30, 2018","4,406.0","4,466.0","4,489.0","4,404.0","492.87K","-1.91%"
"Jul 27, 2018","4,492.0","4,527.0","4,533.0","4,488.0","430.79K","-0.64%"
"Jul 26, 2018","4,521.0","4,560.0","4,560.0","4,517.0","470.51K","-0.77%"
"Jul 25, 2018","4,556.0","4,556.0","4,589.0","4,550.0","397.15K","0.13%"
"Jul 24, 2018","4,550.0","4,545.0","4,600.0","4,538.0","860.36K","0.31%"
"Jul 23, 2018","4,536.0","4,536.0","4,550.0","4,511.0","285.37K","-0.11%"
"Jul 20, 2018","4,541.0","4,570.0","4,587.0","4,540.0","332.95K","-0.59%"
"Jul 19, 2018","4,568.0","4,553.0","4,607.0","4,544.0","360.29K","0.44%"
"Jul 18, 2018","4,548.0","4,502.0","4,562.0","4,498.0","496.59K","1.07%"
"Jul 17, 2018","4,500.0","4,483.0","4,516.0","4,470.0","407.52K","0.45%"
"Jul 16, 2018","4,480.0","4,516.0","4,531.0","4,468.0","391.08K","-0.88%"
"Jul 13, 2018","4,520.0","4,539.0","4,580.0","4,520.0","436.55K","0.11%"
"Jul 12, 2018","4,515.0","4,513.0","4,531.0","4,493.0","556.56K","0.47%"
"Jul 11, 2018","4,494.0","4,470.0","4,496.0","4,463.0","465.35K","-0.13%"
"Jul 10, 2018","4,500.0","4,500.0","4,522.0","4,479.0","474.76K","0.00%"
"Jul 09, 2018","4,500.0","4,504.0","4,522.0","4,488.0","370.14K","0.07%"
"Jul 06, 2018","4,497.0","4,479.0","4,503.0","4,446.0","564.01K","0.85%"
"Jul 05, 2018","4,459.0","4,485.0","4,494.0","4,456.0","412.43K","-0.42%"
"Jul 04, 2018","4,478.0","4,419.0","4,488.0","4,402.0","239.12K","0.95%"
"Jul 03, 2018","4,436.0","4,402.0","4,457.0","4,395.0","521.83K","1.07%"
"Jul 02, 2018","4,389.0","4,454.0","4,454.0","4,375.0","598.51K","-1.83%"
"Jun 29, 2018","4,471.0","4,445.0","4,514.0","4,442.0","819.76K","1.29%"
"Jun 28, 2018","4,414.0","4,443.0","4,479.0","4,386.0","656.95K","-1.01%"
"Jun 27, 2018","4,459.0","4,487.0","4,502.0","4,414.0","636.63K","-0.76%"
"Jun 26, 2018","4,493.0","4,421.0","4,518.0","4,410.0","1.00M","2.11%"
"Jun 25, 2018","4,400.0","4,439.0","4,478.0","4,400.0","378.63K","-1.37%"
"Jun 22, 2018","4,461.0","4,453.0","4,495.0","4,451.0","382.57K","0.25%"
"Jun 21, 2018","4,450.0","4,470.0","4,479.0","4,437.0","630.50K","-0.02%"
"Jun 20, 2018","4,451.0","4,387.0","4,473.0","4,387.0","602.33K","1.85%"
"Jun 19, 2018","4,370.0","4,354.0","4,386.0","4,340.0","511.26K","-0.57%"
"Jun 18, 2018","4,395.0","4,402.0","4,412.0","4,372.0","1.06M","-0.34%"
"Jun 15, 2018","4,410.0","4,477.0","4,495.0","4,410.0","1.18M","-1.78%"
"Jun 14, 2018","4,490.0","4,490.0","4,522.0","4,476.0","1.50M","-0.53%"
"Jun 13, 2018","4,514.0","4,500.0","4,558.0","4,487.0","671.08K","0.31%"
"Jun 12, 2018","4,500.0","4,550.0","4,565.1","4,489.0","504.75K","-0.95%"
"Jun 11, 2018","4,543.0","4,514.0","4,583.0","4,514.0","584.46K","0.87%"
"Jun 08, 2018","4,504.0","4,480.0","4,505.0","4,385.1","439.92K","0.04%"
"Jun 07, 2018","4,502.0","4,618.0","4,620.0","4,502.0","663.79K","-1.14%"
"Jun 06, 2018","4,554.0","4,526.0","4,559.0","4,510.0","435.11K","0.84%"
"Jun 05, 2018","4,516.0","4,483.0","4,551.0","4,474.0","564.54K","0.27%"
"Jun 04, 2018","4,504.0","4,479.0","4,506.0","4,478.0","507.93K","0.45%"
"Jun 01, 2018","4,484.0","4,517.0","4,528.0","4,477.0","478.54K","0.16%"
"May 31, 2018","4,477.0","4,473.0","4,505.0","4,448.0","933.27K","0.65%"
"May 30, 2018","4,448.0","4,480.0","4,480.0","4,421.0","846.13K","-0.71%"
"May 29, 2018","4,480.0","4,577.0","4,577.0","4,466.0","641.95K","-1.41%"
"May 25, 2018","4,544.0","4,518.0","4,565.0","4,508.0","862.12K","1.23%"
"May 24, 2018","4,489.0","4,498.0","4,531.0","4,480.0","502.41K","0.45%"
"May 23, 2018","4,469.0","4,542.0","4,550.0","4,467.0","714.63K","-1.61%"
"May 22, 2018","4,542.0","4,555.0","4,572.0","4,538.0","498.71K","-0.02%"
"May 21, 2018","4,543.0","4,547.0","4,572.0","4,520.0","385.16K","0.33%"
"May 18, 2018","4,528.0","4,519.0","4,541.0","4,497.0","705.53K","0.67%"
"May 17, 2018","4,498.0","4,449.0","4,505.0","4,436.0","505.73K","0.74%"
"May 16, 2018","4,465.0","4,477.0","4,485.0","4,418.0","706.25K","-0.22%"
"May 15, 2018","4,475.0","4,414.0","4,487.0","4,413.0","616.45K","1.31%"
"May 14, 2018","4,417.0","4,449.0","4,449.0","4,395.0","582.26K","-0.32%"
"May 11, 2018","4,431.0","4,473.0","4,492.0","4,420.0","462.38K","-0.89%"
"May 10, 2018","4,471.0","4,418.0","4,471.0","4,393.0","427.95K","1.57%"
"May 09, 2018","4,402.0","4,352.0","4,416.0","4,343.0","523.85K","1.17%"
"May 08, 2018","4,351.0","4,325.0","4,357.0","4,325.0","370.24K","0.48%"
"May 04, 2018","4,330.0","4,322.0","4,344.0","4,301.0","540.43K","0.77%"
"May 03, 2018","4,297.0","4,339.0","4,344.0","4,285.0","492.86K","-1.76%"
"May 02, 2018","4,374.0","4,380.0","4,401.0","4,369.0","655.61K","0.44%"
"May 01, 2018","4,355.0","4,335.0","4,364.0","4,315.0","819.98K","1.28%"
"Apr 30, 2018","4,300.0","4,332.0","4,343.0","4,281.0","754.98K","-0.42%"
"Apr 27, 2018","4,318.0","4,319.0","4,362.0","4,308.0","604.99K","0.49%"
"Apr 26, 2018","4,297.0","4,288.0","4,320.0","4,268.0","500.15K","0.56%"
"Apr 25, 2018","4,273.0","4,289.0","4,320.0","4,272.0","773.71K","-0.63%"
"Apr 24, 2018","4,300.0","4,238.0","4,304.0","4,211.0","1.44M","2.02%"
"Apr 23, 2018","4,215.0","4,269.0","4,269.0","4,197.0","611.82K","-0.82%"
"Apr 20, 2018","4,250.0","4,258.0","4,278.0","4,224.0","837.68K","0.00%"
"Apr 19, 2018","4,250.0","4,208.0","4,259.0","4,198.0","366.43K","1.07%"
"Apr 18, 2018","4,205.0","4,184.0","4,215.0","4,173.0","558.35K","0.72%"
"Apr 17, 2018","4,175.0","4,221.0","4,221.0","4,164.0","769.39K","-0.97%"
"Apr 16, 2018","4,216.0","4,282.0","4,282.0","4,214.0","503.24K","-1.26%"
"Apr 13, 2018","4,270.0","4,255.0","4,287.0","4,227.0","591.31K","0.76%"
"Apr 12, 2018","4,238.0","4,258.0","4,270.0","4,229.0","442.61K","-0.19%"
"Apr 11, 2018","4,246.0","4,291.0","4,315.0","4,242.0","976.43K","-1.37%"
"Apr 10, 2018","4,305.0","4,281.0","4,320.0","4,260.0","832.05K","1.06%"
"Apr 09, 2018","4,260.0","4,344.0","4,371.0","4,198.0","634.37K","1.00%"
"Apr 06, 2018","4,218.0","4,172.0","4,244.0","4,131.0","934.11K","1.59%"
"Apr 05, 2018","4,152.0","4,089.0","4,158.0","4,046.0","2.02M","3.28%"
"Apr 04, 2018","4,020.0","4,076.0","4,081.0","3,975.0","1.04M","-1.62%"
"Apr 03, 2018","4,086.0","4,079.0","4,112.0","4,057.0","689.27K","-0.97%"
"Mar 29, 2018","4,126.0","4,140.0","4,160.0","4,104.0","679.70K","-0.07%"
"Mar 28, 2018","4,129.0","4,140.0","4,175.0","4,091.0","635.58K","-0.89%"
"Mar 27, 2018","4,166.0","4,149.0","4,206.0","4,133.0","651.80K","2.16%"
"Mar 26, 2018","4,078.0","4,143.0","4,143.0","4,065.0","480.15K","-1.12%"
"Mar 23, 2018","4,124.0","4,148.0","4,175.0","4,103.0","717.34K","-1.41%"
"Mar 22, 2018","4,183.0","4,111.0","4,202.0","4,104.0","931.04K","0.80%"
"Mar 21, 2018","4,150.0","4,048.0","4,150.0","4,030.0","1.32M","2.82%"
"Mar 20, 2018","4,036.0","3,982.0","4,064.0","3,981.0","614.71K","1.94%"
"Mar 19, 2018","3,959.0","4,000.0","4,007.0","3,949.0","626.42K","-0.93%"
"Mar 16, 2018","3,996.0","4,053.0","4,062.0","3,973.0","1.23M","-0.57%"
"Mar 15, 2018","4,019.0","3,961.0","4,042.0","3,960.0","871.65K","1.34%"
"Mar 14, 2018","3,966.0","3,905.0","3,973.0","3,902.0","923.57K","1.56%"
"Mar 13, 2018","3,905.0","3,943.0","3,967.0","3,892.0","793.27K","-1.01%"
"Mar 12, 2018","3,945.0","3,936.0","3,950.0","3,921.0","896.39K","0.23%"
"Mar 09, 2018","3,936.0","3,929.0","3,952.0","3,897.0","434.35K","0.38%"
"Mar 08, 2018","3,921.0","3,919.0","3,950.0","3,888.0","736.10K","-0.03%"
"Mar 07, 2018","3,922.0","3,875.0","3,956.0","3,848.0","784.79K","1.16%"
"Mar 06, 2018","3,877.0","3,839.0","4,002.0","3,832.0","905.87K","-0.10%"
"Mar 05, 2018","3,881.0","3,840.0","3,904.0","3,837.0","772.52K","1.15%"
"Mar 02, 2018","3,837.0","3,863.0","3,941.0","3,797.0","1.27M","-2.66%"
"Mar 01, 2018","3,942.0","4,026.0","4,064.0","3,942.0","811.08K","-2.14%"
"Feb 28, 2018","4,028.0","4,044.0","4,080.0","4,009.0","784.24K","-0.64%"
"Feb 27, 2018","4,054.0","4,087.0","4,114.0","4,050.4","465.34K","-0.73%"
"Feb 26, 2018","4,084.0","4,091.0","4,101.0","4,052.0","512.61K","0.69%"
"Feb 23, 2018","4,056.0","4,092.0","4,092.0","4,040.0","423.66K","-0.71%"
"Feb 22, 2018","4,085.0","4,053.0","4,085.0","4,020.0","609.69K","0.39%"
"Feb 21, 2018","4,069.0","3,979.0","4,080.0","3,952.0","810.93K","1.60%"
"Feb 20, 2018","4,005.0","3,995.0","4,024.0","3,979.0","441.82K","0.75%"
"Feb 19, 2018","3,975.0","4,052.0","4,066.0","3,965.0","540.07K","-1.85%"
"Feb 16, 2018","4,050.0","4,044.0","4,090.0","4,042.0","723.47K","0.70%"
"Feb 15, 2018","4,022.0","3,984.0","4,068.0","3,984.0","1.60M","1.26%"
"Feb 14, 2018","3,972.0","3,959.0","3,994.0","3,913.0","1.02M","1.07%"
"Feb 13, 2018","3,930.0","3,930.0","3,962.0","3,909.0","543.92K","-0.10%"
"Feb 12, 2018","3,934.0","3,919.0","3,955.0","3,914.0","473.98K","1.84%"
"Feb 09, 2018","3,863.0","3,894.0","3,924.0","3,851.0","891.06K","-1.40%"
"Feb 08, 2018","3,918.0","4,034.0","4,066.0","3,918.0","851.72K","-3.09%"
"Feb 07, 2018","4,043.0","3,935.0","4,054.0","3,894.0","1.22M","3.35%"
"Feb 06, 2018","3,912.0","3,917.0","3,970.0","3,866.0","1.93M","-1.09%"
"Feb 05, 2018","3,955.0","3,980.0","3,984.0","3,932.0","1.28M","-1.52%"
"Feb 02, 2018","4,016.0","3,993.0","4,021.0","3,961.0","1.92M","0.53%"
"Feb 01, 2018","3,995.0","3,944.0","4,013.0","3,944.0","3.39M","1.73%"
"Jan 31, 2018","3,927.0","4,021.0","4,032.0","3,923.0","942.53K","-1.55%"
"Jan 30, 2018","3,989.0","4,018.0","4,034.0","3,979.0","1.51M","-0.89%"
"Jan 29, 2018","4,025.0","4,035.0","4,076.0","4,006.0","925.59K","0.02%"
"Jan 26, 2018","4,024.0","3,952.0","4,047.0","3,942.0","1.99M","2.34%"
"Jan 25, 2018","3,932.0","4,020.0","4,020.0","3,923.0","1.21M","-1.40%"
"Jan 24, 2018","3,988.0","3,805.0","4,045.0","3,800.0","2.42M","4.97%"
"Jan 23, 2018","3,799.0","3,739.0","3,800.0","3,731.0","705.91K","2.15%"
"Jan 22, 2018","3,719.0","3,736.0","3,749.0","3,706.0","814.90K","-0.85%"
"Jan 19, 2018","3,751.0","3,695.0","3,754.0","3,691.0","2.48M","1.52%"
"Jan 18, 2018","3,695.0","3,701.0","3,710.0","3,689.0","1.27M","0.16%"
"Jan 17, 2018","3,689.0","3,680.0","3,715.4","3,669.0","1.10M","-0.27%"
"Jan 16, 2018","3,699.0","3,682.0","3,712.0","3,682.0","1.05M","0.65%"
"Jan 15, 2018","3,675.0","3,707.0","3,707.0","3,672.0","798.48K","-0.68%"
"Jan 12, 2018","3,700.0","3,648.0","3,706.0","3,631.0","1.35M","1.40%"
"Jan 11, 2018","3,649.0","3,676.0","3,718.3","3,612.0","1.18M","-1.38%"
"Jan 10, 2018","3,700.0","3,711.0","3,742.0","3,699.0","1.81M","-0.51%"
"Jan 09, 2018","3,719.0","3,753.0","3,757.0","3,719.0","892.11K","-0.67%"
"Jan 08, 2018","3,744.0","3,761.0","3,762.0","3,733.0","649.59K","-0.37%"
"Jan 05, 2018","3,758.0","3,762.0","3,766.0","3,735.0","721.09K","0.24%"
"Jan 04, 2018","3,749.0","3,756.0","3,762.0","3,732.0","538.00K","0.00%"
"Jan 03, 2018","3,749.0","3,758.0","3,758.0","3,734.0","836.44K","0.19%"
"Jan 02, 2018","3,742.0","3,797.0","3,802.0","3,741.0","529.07K","-1.34%"